<?xml version="1.0" encoding="UTF-8"?>
<kml xmlns="http://www.opengis.net/kml/2.2">
  <Document>
    <name>Aircraft Crash Sites</name>
    <description>Crash site points generated from crash_list</description>
    <Placemark>
      <name>Attacker F.B. Mk.1 WA535</name>
      <description><![CDATA[<a href="https://www.peakdistrictaircrashes.co.uk/crash_sites/projects/supermarine-attacker-wa535-winwick/">More information</a>]]></description>
      <Point>
        <coordinates>-2.6159999999999966,53.434,0</coordinates>
      </Point>
    </Placemark>
    <Placemark>
      <name>Mustang Mk.IV KH838</name>
      <description><![CDATA[<a href="https://www.peakdistrictaircrashes.co.uk/crash_sites/projects/north-american-mustang-kh838-wrightington/">More information</a>]]></description>
      <Point>
        <coordinates>-2.713000000000013,53.617,0</coordinates>
      </Point>
    </Placemark>
    <Placemark>
      <name>Mustang Mk.III FX931</name>
      <description><![CDATA[<a href="https://www.peakdistrictaircrashes.co.uk/crash_sites/projects/north-american-mustang-fx931-high-bentham/">More information</a>]]></description>
      <Point>
        <coordinates>-2.501999999999976,54.129,0</coordinates>
      </Point>
    </Placemark>
    <Placemark>
      <name>Spitfire Mk.Vb BL487</name>
      <description><![CDATA[<a href="https://www.peakdistrictaircrashes.co.uk/crash_sites/north-west-england/supermarine-spitfire-bl487-ashley/">More information</a>]]></description>
      <Point>
        <coordinates>-2.3690000000000038,53.36,0</coordinates>
      </Point>
    </Placemark>
    <Placemark>
      <name>Albacore Mk.I X9152</name>
      <description><![CDATA[<a href="https://www.peakdistrictaircrashes.co.uk/crash_sites/north-west-england/fairey-albacore-x9152-carr-house-green-common/">More information</a>]]></description>
      <Point>
        <coordinates>-2.804000000000008,53.827,0</coordinates>
      </Point>
    </Placemark>
    <Placemark>
      <name>Lysander Mk.II P1693</name>
      <description><![CDATA[<a href="https://www.peakdistrictaircrashes.co.uk/crash_sites/peak-district/westland-lysander-p1693-ashgate-chesterfield/">More information</a>]]></description>
      <Point>
        <coordinates>-1.4860000000000049,53.241,0</coordinates>
      </Point>
    </Placemark>
    <Placemark>
      <name>Bell 206B Jetranger G-ODIL</name>
      <description><![CDATA[<a href="https://www.peakdistrictaircrashes.co.uk/crash_sites/peak-district/miscellaneous/bell-206b-jetranger-g-odil-william-clough/">More information</a>]]></description>
      <Point>
        <coordinates>-1.9010000000000162,53.403,0</coordinates>
      </Point>
    </Placemark>
    <Placemark>
      <name>Bell 206B Jetranger G-NORM</name>
      <description><![CDATA[<a href="https://www.peakdistrictaircrashes.co.uk/crash_sites/peak-district/miscellaneous/bell-206b-jetranger-g-norm-parwich-ashbourne/">More information</a>]]></description>
      <Point>
        <coordinates>-1.7200000000000053,53.086999999999996,0</coordinates>
      </Point>
    </Placemark>
    <Placemark>
      <name>Flight Design CTSW G-CFAZ</name>
      <description><![CDATA[<a href="https://www.peakdistrictaircrashes.co.uk/crash_sites/peak-district/flight-design-ctsw-g-cfaz-saddleworth-moor/">More information</a>]]></description>
      <Point>
        <coordinates>-1.964999999999992,53.553,0</coordinates>
      </Point>
    </Placemark>
    <Placemark>
      <name>R1180TD Aiglon G-CRAN</name>
      <description><![CDATA[<a href="https://www.peakdistrictaircrashes.co.uk/crash_sites/peak-district/pierre-robin-r1180td-g-cran-staden/">More information</a>]]></description>
      <Point>
        <coordinates>-1.8959999999999866,53.245999999999995,0</coordinates>
      </Point>
    </Placemark>
    <Placemark>
      <name>Hunter T. Mk.7 G-BTYL</name>
      <description><![CDATA[<a href="https://www.peakdistrictaircrashes.co.uk/crash_sites/peak-district/hawker-hunter-g-btyl-broomhead-moor/">More information</a>]]></description>
      <Point>
        <coordinates>-1.6890000000000143,53.446,0</coordinates>
      </Point>
    </Placemark>
    <Placemark>
      <name>Cessna 150 G-BFRP</name>
      <description><![CDATA[<a href="https://www.peakdistrictaircrashes.co.uk/crash_sites/peak-district/cessna-150-g-bfrp-broadlee-bank-tor/">More information</a>]]></description>
      <Point>
        <coordinates>-1.8300000000000243,53.37199999999999,0</coordinates>
      </Point>
    </Placemark>
    <Placemark>
      <name>RF-4C 64-1018</name>
      <description><![CDATA[<a href="https://www.peakdistrictaircrashes.co.uk/crash_sites/peak-district/mcdonnell-rf-4c-64-1018-unthank-plantation/">More information</a>]]></description>
      <Point>
        <coordinates>-1.5349999999999964,53.276999999999994,0</coordinates>
      </Point>
    </Placemark>
    <Placemark>
      <name>Dragon Rapide G-ALBC</name>
      <description><![CDATA[<a href="https://www.peakdistrictaircrashes.co.uk/crash_sites/peak-district/de-havilland-dragon-rapide-g-albc-kinder/">More information</a>]]></description>
      <Point>
        <coordinates>-1.8500000000000187,53.391,0</coordinates>
      </Point>
    </Placemark>
    <Placemark>
      <name>Canberra B. Mk.6 WT207</name>
      <description><![CDATA[<a href="https://www.peakdistrictaircrashes.co.uk/crash_sites/peak-district/english-electric-canberra-wt207-monyash/">More information</a>]]></description>
      <Point>
        <coordinates>-1.7599999999999807,53.19199999999999,0</coordinates>
      </Point>
    </Placemark>
    <Placemark>
      <name>Vampire T. Mk.11 XE866</name>
      <description><![CDATA[<a href="https://www.peakdistrictaircrashes.co.uk/crash_sites/peak-district/de-havilland-vampire-xe866-stanage-edge/">More information</a>]]></description>
      <Point>
        <coordinates>-1.6639999999999855,53.367999999999995,0</coordinates>
      </Point>
    </Placemark>
    <Placemark>
      <name>Hawk Trainer Mk.3 G-AJSF</name>
      <description><![CDATA[<a href="https://www.peakdistrictaircrashes.co.uk/crash_sites/peak-district/miles-hawk-trainer-g-ajsf-kinder-low-end/">More information</a>]]></description>
      <Point>
        <coordinates>-1.891000000000011,53.378,0</coordinates>
      </Point>
    </Placemark>
    <Placemark>
      <name>Shackleton M.R. Mk.3 WR970</name>
      <description><![CDATA[<a href="https://www.peakdistrictaircrashes.co.uk/crash_sites/peak-district/avro-shackleton-wr970-foolow/">More information</a>]]></description>
      <Point>
        <coordinates>-1.7120000000000053,53.285999999999994,0</coordinates>
      </Point>
    </Placemark>
    <Placemark>
      <name>L-20A 52-6145</name>
      <description><![CDATA[<a href="https://www.peakdistrictaircrashes.co.uk/crash_sites/peak-district/de-havilland-canada-l-20a-52-6145-bramah-edge/">More information</a>]]></description>
      <Point>
        <coordinates>-1.9170000000000205,53.474999999999994,0</coordinates>
      </Point>
    </Placemark>
    <Placemark>
      <name>Meteor F. Mk.8 WE904</name>
      <description><![CDATA[<a href="https://www.peakdistrictaircrashes.co.uk/crash_sites/peak-district/gloster-meteor-we904-millthorpe/">More information</a>]]></description>
      <Point>
        <coordinates>-1.5250000000000201,53.283,0</coordinates>
      </Point>
    </Placemark>
    <Placemark>
      <name>Sabre 2 19234</name>
      <description><![CDATA[<a href="https://www.peakdistrictaircrashes.co.uk/crash_sites/peak-district/north-american-sabre-19234-black-hill/">More information</a>]]></description>
      <Point>
        <coordinates>-1.8639999999999977,53.541999999999994,0</coordinates>
      </Point>
    </Placemark>
    <Placemark>
      <name>Sabre F. Mk.6 XD707 &amp;#038; XD730</name>
      <description><![CDATA[<a href="https://www.peakdistrictaircrashes.co.uk/crash_sites/peak-district/north-american-sabre-xd707-xd730-ashop-moor/">More information</a>]]></description>
      <Point>
        <coordinates>-1.8890000000000227,53.409,0</coordinates>
      </Point>
    </Placemark>
    <Placemark>
      <name>Vampire F.B. Mk.5 VV602</name>
      <description><![CDATA[<a href="https://www.peakdistrictaircrashes.co.uk/crash_sites/peak-district/de-havilland-vampire-vv602-wildboarclough/">More information</a>]]></description>
      <Point>
        <coordinates>-2.0220000000000224,53.24399999999999,0</coordinates>
      </Point>
    </Placemark>
    <Placemark>
      <name>Harvard Mk.2B FX306</name>
      <description><![CDATA[<a href="https://www.peakdistrictaircrashes.co.uk/crash_sites/peak-district/north-american-harvard-fx306-foolow/">More information</a>]]></description>
      <Point>
        <coordinates>-1.7219999999999904,53.288,0</coordinates>
      </Point>
    </Placemark>
    <Placemark>
      <name>Wellington T. Mk.10 MF627</name>
      <description><![CDATA[<a href="https://www.peakdistrictaircrashes.co.uk/crash_sites/peak-district/vickers-wellington-mf627-rod-moor/">More information</a>]]></description>
      <Point>
        <coordinates>-1.6040000000000214,53.4,0</coordinates>
      </Point>
    </Placemark>
    <Placemark>
      <name>Auster J1 Autocrat G-ALUE</name>
      <description><![CDATA[<a href="https://www.peakdistrictaircrashes.co.uk/crash_sites/peak-district/auster-autocrat-g-alue-axe-edge-moor/">More information</a>]]></description>
      <Point>
        <coordinates>-1.968999999999984,53.230999999999995,0</coordinates>
      </Point>
    </Placemark>
    <Placemark>
      <name>Harvard Mk.2B FT415</name>
      <description><![CDATA[<a href="https://www.peakdistrictaircrashes.co.uk/crash_sites/peak-district/north-american-harvard-ft415-wool-packs/">More information</a>]]></description>
      <Point>
        <coordinates>-1.8669999999999944,53.378,0</coordinates>
      </Point>
    </Placemark>
    <Placemark>
      <name>Vampire F.B. Mk.5 WA400</name>
      <description><![CDATA[<a href="https://www.peakdistrictaircrashes.co.uk/crash_sites/peak-district/de-havilland-vampire-wa400-strines-moor/">More information</a>]]></description>
      <Point>
        <coordinates>-1.6729999999999847,53.404999999999994,0</coordinates>
      </Point>
    </Placemark>
    <Placemark>
      <name>Chipmunk T. Mk.10 WB579</name>
      <description><![CDATA[<a href="https://www.peakdistrictaircrashes.co.uk/crash_sites/peak-district/de-havilland-canada-chipmunk-wb579-arnfield-moor/">More information</a>]]></description>
      <Point>
        <coordinates>-1.9609999999999994,53.494,0</coordinates>
      </Point>
    </Placemark>
    <Placemark>
      <name>Consul TF-RPM</name>
      <description><![CDATA[<a href="https://www.peakdistrictaircrashes.co.uk/crash_sites/peak-district/airspeed-consul-tf-rpm-crow-stone-edge/">More information</a>]]></description>
      <Point>
        <coordinates>-1.7389999999999897,53.465999999999994,0</coordinates>
      </Point>
    </Placemark>
    <Placemark>
      <name>Meteor F. Mk.8 WA791 &amp;#038; VZ518</name>
      <description><![CDATA[<a href="https://www.peakdistrictaircrashes.co.uk/crash_sites/peak-district/gloster-meteor-wa791-vz518-sliddens-moss/">More information</a>]]></description>
      <Point>
        <coordinates>-1.90100000000001,53.523,0</coordinates>
      </Point>
    </Placemark>
    <Placemark>
      <name>Meteor F. Mk.4 RA487</name>
      <description><![CDATA[<a href="https://www.peakdistrictaircrashes.co.uk/crash_sites/peak-district/gloster-meteor-ra487-hagg-side/">More information</a>]]></description>
      <Point>
        <coordinates>-1.7519999999999738,53.397999999999996,0</coordinates>
      </Point>
    </Placemark>
    <Placemark>
      <name>Dakota G-AHCY</name>
      <description><![CDATA[<a href="https://www.peakdistrictaircrashes.co.uk/crash_sites/peak-district/douglas-dakota-g-ahcy-wimberry-stones/">More information</a>]]></description>
      <Point>
        <coordinates>-1.9789999999999912,53.519,0</coordinates>
      </Point>
    </Placemark>
    <Placemark>
      <name>Seafire F. Mk.17 SP325 &amp;#038; SX314</name>
      <description><![CDATA[<a href="https://www.peakdistrictaircrashes.co.uk/crash_sites/peak-district/supermarine-seafire-sp325-sx314-wildboarclough/">More information</a>]]></description>
      <Point>
        <coordinates>-2.016000000000007,53.20399999999999,0</coordinates>
      </Point>
    </Placemark>
    <Placemark>
      <name>Spitfire F. Mk.22 PK488</name>
      <description><![CDATA[<a href="https://www.peakdistrictaircrashes.co.uk/crash_sites/peak-district/supermarine-spitfire-pk488-parwich/">More information</a>]]></description>
      <Point>
        <coordinates>-1.7210000000000247,53.114999999999995,0</coordinates>
      </Point>
    </Placemark>
    <Placemark>
      <name>Lancaster Mk.1 PA411</name>
      <description><![CDATA[<a href="https://www.peakdistrictaircrashes.co.uk/crash_sites/peak-district/avro-lancaster-pa411-tintwhistle-knarr/">More information</a>]]></description>
      <Point>
        <coordinates>-1.9489999999999845,53.489999999999995,0</coordinates>
      </Point>
    </Placemark>
    <Placemark>
      <name>RB-29A 44-61999</name>
      <description><![CDATA[<a href="https://www.peakdistrictaircrashes.co.uk/crash_sites/peak-district/boeing-rb-29a-44-61999-higher-shelf-stones/">More information</a>]]></description>
      <Point>
        <coordinates>-1.8660000000000099,53.449,0</coordinates>
      </Point>
    </Placemark>
    <Placemark>
      <name>Harvard Mk.2B KF954</name>
      <description><![CDATA[<a href="https://www.peakdistrictaircrashes.co.uk/crash_sites/peak-district/north-american-harvard-kf954-buxton/">More information</a>]]></description>
      <Point>
        <coordinates>-1.8900000000000248,53.263999999999996,0</coordinates>
      </Point>
    </Placemark>
    <Placemark>
      <name>Halifax A. Mk.9 RT922</name>
      <description><![CDATA[<a href="https://www.peakdistrictaircrashes.co.uk/crash_sites/peak-district/handley-page-halifax-rt922-grindon-moor/">More information</a>]]></description>
      <Point>
        <coordinates>-1.9070000000000147,53.095,0</coordinates>
      </Point>
    </Placemark>
    <Placemark>
      <name>Oxford Mk.I LX673</name>
      <description><![CDATA[<a href="https://www.peakdistrictaircrashes.co.uk/crash_sites/peak-district/airspeed-oxford-lx673-wildboarclough/">More information</a>]]></description>
      <Point>
        <coordinates>-2.0289999999999813,53.23499999999999,0</coordinates>
      </Point>
    </Placemark>
    <Placemark>
      <name>Oxford Mk.I HN594</name>
      <description><![CDATA[<a href="https://www.peakdistrictaircrashes.co.uk/crash_sites/peak-district/airspeed-oxford-hn594-brown-knoll/">More information</a>]]></description>
      <Point>
        <coordinates>-1.8789999999999807,53.36299999999999,0</coordinates>
      </Point>
    </Placemark>
    <Placemark>
      <name>Anson Mk.XI NL185</name>
      <description><![CDATA[<a href="https://www.peakdistrictaircrashes.co.uk/crash_sites/peak-district/avro-anson-nl185-the-cloughs/">More information</a>]]></description>
      <Point>
        <coordinates>-1.868000000000015,53.377,0</coordinates>
      </Point>
    </Placemark>
    <Placemark>
      <name>Barracuda Mk.III MD963</name>
      <description><![CDATA[<a href="https://www.peakdistrictaircrashes.co.uk/crash_sites/peak-district/fairey-barracuda-md963-redbrook-clough/">More information</a>]]></description>
      <Point>
        <coordinates>-1.9649999999999894,53.589,0</coordinates>
      </Point>
    </Placemark>
    <Placemark>
      <name>C-47A 42-108982</name>
      <description><![CDATA[<a href="https://www.peakdistrictaircrashes.co.uk/crash_sites/peak-district/douglas-c-47a-42-108982-shelf-moor/">More information</a>]]></description>
      <Point>
        <coordinates>-1.8800000000000248,53.449,0</coordinates>
      </Point>
    </Placemark>
    <Placemark>
      <name>Tiger Moth Mk.II EM931</name>
      <description><![CDATA[<a href="https://www.peakdistrictaircrashes.co.uk/crash_sites/peak-district/de-havilland-tiger-moth-em931-bradfield/">More information</a>]]></description>
      <Point>
        <coordinates>-1.6559999999999955,53.431,0</coordinates>
      </Point>
    </Placemark>
    <Placemark>
      <name>P-51D 44-64084</name>
      <description><![CDATA[<a href="https://www.peakdistrictaircrashes.co.uk/crash_sites/peak-district/north-american-p-51d-44-64084-glossop/">More information</a>]]></description>
      <Point>
        <coordinates>-1.9620000000000106,53.418,0</coordinates>
      </Point>
    </Placemark>
    <Placemark>
      <name>P-51D 44-72181</name>
      <description><![CDATA[<a href="https://www.peakdistrictaircrashes.co.uk/crash_sites/peak-district/north-american-p-51d-44-72181-castleshaw-moor/">More information</a>]]></description>
      <Point>
        <coordinates>-2.004000000000023,53.596,0</coordinates>
      </Point>
    </Placemark>
    <Placemark>
      <name>Lancaster Mk.X KB993</name>
      <description><![CDATA[<a href="https://www.peakdistrictaircrashes.co.uk/crash_sites/peak-district/avro-lancaster-kb993-james-thorn/">More information</a>]]></description>
      <Point>
        <coordinates>-1.881999999999975,53.45,0</coordinates>
      </Point>
    </Placemark>
    <Placemark>
      <name>Tiger Moth Mk.II T6464</name>
      <description><![CDATA[<a href="https://www.peakdistrictaircrashes.co.uk/crash_sites/peak-district/de-havilland-tiger-moth-t6464-blindstones-moss/">More information</a>]]></description>
      <Point>
        <coordinates>-1.9490000000000265,53.512,0</coordinates>
      </Point>
    </Placemark>
    <Placemark>
      <name>B-17G 43-37667</name>
      <description><![CDATA[<a href="https://www.peakdistrictaircrashes.co.uk/crash_sites/peak-district/boeing-b-17g-43-37667-meltham-moor/">More information</a>]]></description>
      <Point>
        <coordinates>-1.8960000000000237,53.583,0</coordinates>
      </Point>
    </Placemark>
    <Placemark>
      <name>Oxford Mk.I L4601</name>
      <description><![CDATA[<a href="https://www.peakdistrictaircrashes.co.uk/crash_sites/peak-district/airspeed-oxford-l4601-shutlingsloe/">More information</a>]]></description>
      <Point>
        <coordinates>-2.037000000000014,53.221999999999994,0</coordinates>
      </Point>
    </Placemark>
    <Placemark>
      <name>Proctor Mk.III HM324</name>
      <description><![CDATA[<a href="https://www.peakdistrictaircrashes.co.uk/crash_sites/peak-district/percival-proctor-hm324-hargatehill/">More information</a>]]></description>
      <Point>
        <coordinates>-1.8390000000000168,53.29,0</coordinates>
      </Point>
    </Placemark>
    <Placemark>
      <name>Oxford Mk.I NM683</name>
      <description><![CDATA[<a href="https://www.peakdistrictaircrashes.co.uk/crash_sites/peak-district/airspeed-oxford-nm683-rushup-edge/">More information</a>]]></description>
      <Point>
        <coordinates>-1.8370000000000184,53.349999999999994,0</coordinates>
      </Point>
    </Placemark>
    <Placemark>
      <name>Mosquito Mk.XX KB206</name>
      <description><![CDATA[<a href="https://www.peakdistrictaircrashes.co.uk/crash_sites/peak-district/de-havilland-mosquito-kb206-cheddleton/">More information</a>]]></description>
      <Point>
        <coordinates>-2.0220000000000082,53.07599999999999,0</coordinates>
      </Point>
    </Placemark>
    <Placemark>
      <name>Hurricane Mk.IIC PZ851, PZ765 &amp;#038; PZ854</name>
      <description><![CDATA[<a href="https://www.peakdistrictaircrashes.co.uk/crash_sites/peak-district/hawker-hurricane-pz851-pz765-pz854-tintwhistle-knarr/">More information</a>]]></description>
      <Point>
        <coordinates>-1.9470000000000045,53.486,0</coordinates>
      </Point>
    </Placemark>
    <Placemark>
      <name>C-47A 42-93683</name>
      <description><![CDATA[<a href="https://www.peakdistrictaircrashes.co.uk/crash_sites/peak-district/douglas-c-47a-42-93683-buxton/">More information</a>]]></description>
      <Point>
        <coordinates>-1.8350000000000064,53.185,0</coordinates>
      </Point>
    </Placemark>
    <Placemark>
      <name>Lancaster Mk.I NF908</name>
      <description><![CDATA[<a href="https://www.peakdistrictaircrashes.co.uk/crash_sites/peak-district/avro-lancaster-nf908-the-roaches/">More information</a>]]></description>
      <Point>
        <coordinates>-1.9989999999999883,53.169999999999995,0</coordinates>
      </Point>
    </Placemark>
    <Placemark>
      <name>A-20G 43-9958</name>
      <description><![CDATA[<a href="https://www.peakdistrictaircrashes.co.uk/crash_sites/peak-district/douglas-a-20g-43-9958-flash/">More information</a>]]></description>
      <Point>
        <coordinates>-1.9539999999999986,53.21,0</coordinates>
      </Point>
    </Placemark>
    <Placemark>
      <name>B-17G 43-38944</name>
      <description><![CDATA[<a href="https://www.peakdistrictaircrashes.co.uk/crash_sites/peak-district/boeing-b-17g-43-38944-birchenough-hill/">More information</a>]]></description>
      <Point>
        <coordinates>-2.010000000000002,53.206,0</coordinates>
      </Point>
    </Placemark>
    <Placemark>
      <name>C-47A 41-38608</name>
      <description><![CDATA[<a href="https://www.peakdistrictaircrashes.co.uk/crash_sites/peak-district/douglas-c-47a-41-38608-bosley/">More information</a>]]></description>
      <Point>
        <coordinates>-2.1110000000000153,53.196999999999996,0</coordinates>
      </Point>
    </Placemark>
    <Placemark>
      <name>Anson Mk.I N9853</name>
      <description><![CDATA[<a href="https://www.peakdistrictaircrashes.co.uk/crash_sites/peak-district/avro-anson-n9853-edale-moor/">More information</a>]]></description>
      <Point>
        <coordinates>-1.8499999999999843,53.387,0</coordinates>
      </Point>
    </Placemark>
    <Placemark>
      <name>Harvard Mk.IIB FT442</name>
      <description><![CDATA[<a href="https://www.peakdistrictaircrashes.co.uk/crash_sites/peak-district/north-american-harvard-ft442-shining-tor/">More information</a>]]></description>
      <Point>
        <coordinates>-2.0050000000000208,53.260999999999996,0</coordinates>
      </Point>
    </Placemark>
    <Placemark>
      <name>Oxford Mk.I HN429</name>
      <description><![CDATA[<a href="https://www.peakdistrictaircrashes.co.uk/crash_sites/peak-district/airspeed-oxford-hn429-axe-edge/">More information</a>]]></description>
      <Point>
        <coordinates>-1.954999999999976,53.22,0</coordinates>
      </Point>
    </Placemark>
    <Placemark>
      <name>Mosquito Mk.XVI PF395</name>
      <description><![CDATA[<a href="https://www.peakdistrictaircrashes.co.uk/crash_sites/peak-district/de-havilland-mosquito-pf395-dean-rocks/">More information</a>]]></description>
      <Point>
        <coordinates>-1.965000000000004,53.525,0</coordinates>
      </Point>
    </Placemark>
    <Placemark>
      <name>B-24J 42-52003</name>
      <description><![CDATA[<a href="https://www.peakdistrictaircrashes.co.uk/crash_sites/peak-district/consolidated-b-24j-42-52003-mill-hill/">More information</a>]]></description>
      <Point>
        <coordinates>-1.916000000000023,53.413,0</coordinates>
      </Point>
    </Placemark>
    <Placemark>
      <name>B-24H 42-94841</name>
      <description><![CDATA[<a href="https://www.peakdistrictaircrashes.co.uk/crash_sites/peak-district/consolidated-b-24h-42-94841-twizle-head-moss/">More information</a>]]></description>
      <Point>
        <coordinates>-1.844999999999976,53.528,0</coordinates>
      </Point>
    </Placemark>
    <Placemark>
      <name>P-47C 41-6628</name>
      <description><![CDATA[<a href="https://www.peakdistrictaircrashes.co.uk/crash_sites/peak-district/republic-p-47c-41-6628-thorncliffe/">More information</a>]]></description>
      <Point>
        <coordinates>-1.9710000000000227,53.117,0</coordinates>
      </Point>
    </Placemark>
    <Placemark>
      <name>UC-64A 43-35439</name>
      <description><![CDATA[<a href="https://www.peakdistrictaircrashes.co.uk/crash_sites/peak-district/noorduyn-uc-64a-43-35439-shining-tor/">More information</a>]]></description>
      <Point>
        <coordinates>-2.0039999999999822,53.259,0</coordinates>
      </Point>
    </Placemark>
    <Placemark>
      <name>B-24H 42-52625</name>
      <description><![CDATA[<a href="https://www.peakdistrictaircrashes.co.uk/crash_sites/peak-district/consolidated-b-24h-42-52625-brown-edge/">More information</a>]]></description>
      <Point>
        <coordinates>-2.127999999999981,53.083999999999996,0</coordinates>
      </Point>
    </Placemark>
    <Placemark>
      <name>Hurricane Mk.I V6793</name>
      <description><![CDATA[<a href="https://www.peakdistrictaircrashes.co.uk/crash_sites/peak-district/hawker-hurricane-v6793-merryton-low/">More information</a>]]></description>
      <Point>
        <coordinates>-1.9300000000000161,53.148999999999994,0</coordinates>
      </Point>
    </Placemark>
    <Placemark>
      <name>Stirling Mk.III LJ628</name>
      <description><![CDATA[<a href="https://www.peakdistrictaircrashes.co.uk/crash_sites/peak-district/short-stirling-lj628-upper-commons/">More information</a>]]></description>
      <Point>
        <coordinates>-1.6980000000000253,53.456999999999994,0</coordinates>
      </Point>
    </Placemark>
    <Placemark>
      <name>Stirling Mk.III LK502</name>
      <description><![CDATA[<a href="https://www.peakdistrictaircrashes.co.uk/crash_sites/peak-district/short-stirling-lk502-cliffe-park/">More information</a>]]></description>
      <Point>
        <coordinates>-2.0919999999999845,53.135,0</coordinates>
      </Point>
    </Placemark>
    <Placemark>
      <name>P-38J 42-67207</name>
      <description><![CDATA[<a href="https://www.peakdistrictaircrashes.co.uk/crash_sites/peak-district/lockheed-p-38j-42-67207-tintwhistle-knarr/">More information</a>]]></description>
      <Point>
        <coordinates>-1.9430000000000038,53.489,0</coordinates>
      </Point>
    </Placemark>
    <Placemark>
      <name>Albemarle G.T. Mk.I P1463</name>
      <description><![CDATA[<a href="https://www.peakdistrictaircrashes.co.uk/crash_sites/peak-district/armstrong-whitworth-albemarle-p1463-bradbourne/">More information</a>]]></description>
      <Point>
        <coordinates>-1.6979999999999866,53.06399999999999,0</coordinates>
      </Point>
    </Placemark>
    <Placemark>
      <name>Spitfire Mk.Vb W3569</name>
      <description><![CDATA[<a href="https://www.peakdistrictaircrashes.co.uk/crash_sites/peak-district/supermarine-spitfire-w3569-bosley-cloud/">More information</a>]]></description>
      <Point>
        <coordinates>-2.1449999999999765,53.166,0</coordinates>
      </Point>
    </Placemark>
    <Placemark>
      <name>Anson Mk.I DJ680</name>
      <description><![CDATA[<a href="https://www.peakdistrictaircrashes.co.uk/crash_sites/peak-district/avro-anson-dj680-hobson-moor/">More information</a>]]></description>
      <Point>
        <coordinates>-2.0040000000000218,53.47899999999999,0</coordinates>
      </Point>
    </Placemark>
    <Placemark>
      <name>Oxford Mk.I LX745</name>
      <description><![CDATA[<a href="https://www.peakdistrictaircrashes.co.uk/crash_sites/peak-district/airspeed-oxford-lx745-shining-tor/">More information</a>]]></description>
      <Point>
        <coordinates>-2.004000000000009,53.269,0</coordinates>
      </Point>
    </Placemark>
    <Placemark>
      <name>Wellington Mk.III BJ652</name>
      <description><![CDATA[<a href="https://www.peakdistrictaircrashes.co.uk/crash_sites/peak-district/vickers-wellington-bj652-smerrill/">More information</a>]]></description>
      <Point>
        <coordinates>-1.7030000000000167,53.155,0</coordinates>
      </Point>
    </Placemark>
    <Placemark>
      <name>C-53D 42-68728</name>
      <description><![CDATA[<a href="https://www.peakdistrictaircrashes.co.uk/crash_sites/peak-district/douglas-c-53d-42-68728-ossoms-hill/">More information</a>]]></description>
      <Point>
        <coordinates>-1.8639999999999886,53.096999999999994,0</coordinates>
      </Point>
    </Placemark>
    <Placemark>
      <name>P-38J 42-67670</name>
      <description><![CDATA[<a href="https://www.peakdistrictaircrashes.co.uk/crash_sites/peak-district/lockheed-p-38j-42-67670-strines-moor/">More information</a>]]></description>
      <Point>
        <coordinates>-1.948000000000002,53.15,0</coordinates>
      </Point>
    </Placemark>
    <Placemark>
      <name>PB4Y-1 Liberator 63934</name>
      <description><![CDATA[<a href="https://www.peakdistrictaircrashes.co.uk/crash_sites/peak-district/pb4y-1-63934-broken-ground/">More information</a>]]></description>
      <Point>
        <coordinates>-1.9880000000000104,53.512,0</coordinates>
      </Point>
    </Placemark>
    <Placemark>
      <name>P-38J 42-67480</name>
      <description><![CDATA[<a href="https://www.peakdistrictaircrashes.co.uk/crash_sites/peak-district/lockheed-p-38j-42-67480-cronkstone/">More information</a>]]></description>
      <Point>
        <coordinates>-1.8290000000000046,53.19199999999999,0</coordinates>
      </Point>
    </Placemark>
    <Placemark>
      <name>Spitfire Mk.IIA P7883</name>
      <description><![CDATA[<a href="https://www.peakdistrictaircrashes.co.uk/crash_sites/peak-district/supermarine-spitfire-p7883-rushup-edge/">More information</a>]]></description>
      <Point>
        <coordinates>-1.8389999999999782,53.347,0</coordinates>
      </Point>
    </Placemark>
    <Placemark>
      <name>Oxford Mk.I LX518</name>
      <description><![CDATA[<a href="https://www.peakdistrictaircrashes.co.uk/crash_sites/peak-district/airspeed-oxford-lx518-margary-hill/">More information</a>]]></description>
      <Point>
        <coordinates>-1.7300000000000078,53.467,0</coordinates>
      </Point>
    </Placemark>
    <Placemark>
      <name>Halifax Mk.II HR727</name>
      <description><![CDATA[<a href="https://www.peakdistrictaircrashes.co.uk/crash_sites/peak-district/handley-page-halifax-hr727-blackden-edge/">More information</a>]]></description>
      <Point>
        <coordinates>-1.8040000000000036,53.386,0</coordinates>
      </Point>
    </Placemark>
    <Placemark>
      <name>P-47D 42-7872 &amp;#038; 42-7898</name>
      <description><![CDATA[<a href="https://www.peakdistrictaircrashes.co.uk/crash_sites/peak-district/republic-p-47d-42-7872-42-7898-cats-tor/">More information</a>]]></description>
      <Point>
        <coordinates>-2.0089999999999812,53.275999999999996,0</coordinates>
      </Point>
    </Placemark>
    <Placemark>
      <name>Mosquito N.F. Mk.II HJ929</name>
      <description><![CDATA[<a href="https://www.peakdistrictaircrashes.co.uk/crash_sites/peak-district/de-havilland-mosquito-hj929-matlock/">More information</a>]]></description>
      <Point>
        <coordinates>-1.520999999999994,53.125,0</coordinates>
      </Point>
    </Placemark>
    <Placemark>
      <name>Master Mk.II DK912</name>
      <description><![CDATA[<a href="https://www.peakdistrictaircrashes.co.uk/crash_sites/peak-district/miles-master-dk912-thorncliffe/">More information</a>]]></description>
      <Point>
        <coordinates>-1.985999999999979,53.11899999999999,0</coordinates>
      </Point>
    </Placemark>
    <Placemark>
      <name>Wellington Mk.IC DV678</name>
      <description><![CDATA[<a href="https://www.peakdistrictaircrashes.co.uk/crash_sites/peak-district/vickers-wellington-dv678-chatsworth/">More information</a>]]></description>
      <Point>
        <coordinates>-1.6230000000000055,53.219,0</coordinates>
      </Point>
    </Placemark>
    <Placemark>
      <name>Wellington Mk.IC DV732</name>
      <description><![CDATA[<a href="https://www.peakdistrictaircrashes.co.uk/crash_sites/peak-district/vickers-wellington-dv732-eyam/">More information</a>]]></description>
      <Point>
        <coordinates>-1.6789999999999914,53.29899999999999,0</coordinates>
      </Point>
    </Placemark>
    <Placemark>
      <name>Oxford Mk.I R6271</name>
      <description><![CDATA[<a href="https://www.peakdistrictaircrashes.co.uk/crash_sites/peak-district/airspeed-oxford-r6271-waterhouses/">More information</a>]]></description>
      <Point>
        <coordinates>-1.8619999999999755,53.049,0</coordinates>
      </Point>
    </Placemark>
    <Placemark>
      <name>Whitley Mk.V EB338</name>
      <description><![CDATA[<a href="https://www.peakdistrictaircrashes.co.uk/crash_sites/peak-district/armstrong-whitworth-whitley-eb338-alsop-en-le-dale/">More information</a>]]></description>
      <Point>
        <coordinates>-1.7770000000000084,53.09799999999999,0</coordinates>
      </Point>
    </Placemark>
    <Placemark>
      <name>Oxford Mk.I EB717</name>
      <description><![CDATA[<a href="https://www.peakdistrictaircrashes.co.uk/crash_sites/peak-district/airspeed-oxford-eb717-burbage-edge/">More information</a>]]></description>
      <Point>
        <coordinates>-1.962999999999981,53.242999999999995,0</coordinates>
      </Point>
    </Placemark>
    <Placemark>
      <name>P-47C 41-6227</name>
      <description><![CDATA[<a href="https://www.peakdistrictaircrashes.co.uk/crash_sites/peak-district/republic-p-47c-41-6227-horsehill-tor/">More information</a>]]></description>
      <Point>
        <coordinates>-1.8609999999999953,53.356,0</coordinates>
      </Point>
    </Placemark>
    <Placemark>
      <name>Wellington Mk.III DF611</name>
      <description><![CDATA[<a href="https://www.peakdistrictaircrashes.co.uk/crash_sites/peak-district/vickers-wellington-df611-newhaven/">More information</a>]]></description>
      <Point>
        <coordinates>-1.7680000000000264,53.153,0</coordinates>
      </Point>
    </Placemark>
    <Placemark>
      <name>Blenheim Mk.IV V6078</name>
      <description><![CDATA[<a href="https://www.peakdistrictaircrashes.co.uk/crash_sites/peak-district/bristol-blenheim-v6078-spitewinter/">More information</a>]]></description>
      <Point>
        <coordinates>-1.4879999999999949,53.19199999999999,0</coordinates>
      </Point>
    </Placemark>
    <Placemark>
      <name>Master Mk.III W8761</name>
      <description><![CDATA[<a href="https://www.peakdistrictaircrashes.co.uk/crash_sites/peak-district/miles-master-w8761-camp-hill/">More information</a>]]></description>
      <Point>
        <coordinates>-1.7310000000000012,53.306999999999995,0</coordinates>
      </Point>
    </Placemark>
    <Placemark>
      <name>Oxford Mk.I BG197</name>
      <description><![CDATA[<a href="https://www.peakdistrictaircrashes.co.uk/crash_sites/peak-district/airspeed-oxford-bg197-matlock/">More information</a>]]></description>
      <Point>
        <coordinates>-1.5500000000000158,53.123999999999995,0</coordinates>
      </Point>
    </Placemark>
    <Placemark>
      <name>Oxford Mk.I DF485</name>
      <description><![CDATA[<a href="https://www.peakdistrictaircrashes.co.uk/crash_sites/peak-district/airspeed-oxford-df485-hope/">More information</a>]]></description>
      <Point>
        <coordinates>-1.7650000000000101,53.345,0</coordinates>
      </Point>
    </Placemark>
    <Placemark>
      <name>Wellington Mk.III HF613</name>
      <description><![CDATA[<a href="https://www.peakdistrictaircrashes.co.uk/crash_sites/peak-district/vickers-wellington-hf613-hope/">More information</a>]]></description>
      <Point>
        <coordinates>-1.757000000000019,53.345,0</coordinates>
      </Point>
    </Placemark>
    <Placemark>
      <name>Wellington Mk.IC R1011</name>
      <description><![CDATA[<a href="https://www.peakdistrictaircrashes.co.uk/crash_sites/peak-district/vickers-wellington-r1011-birchen-bank-moss/">More information</a>]]></description>
      <Point>
        <coordinates>-1.8419999999999872,53.485,0</coordinates>
      </Point>
    </Placemark>
    <Placemark>
      <name>Wellington Mk.III X3941</name>
      <description><![CDATA[<a href="https://www.peakdistrictaircrashes.co.uk/crash_sites/peak-district/vickers-wellington-x3941-darley-dale/">More information</a>]]></description>
      <Point>
        <coordinates>-1.547999999999997,53.19199999999999,0</coordinates>
      </Point>
    </Placemark>
    <Placemark>
      <name>Wellington Mk.III X3348</name>
      <description><![CDATA[<a href="https://www.peakdistrictaircrashes.co.uk/crash_sites/peak-district/vickers-wellington-x3348-blackden-edge/">More information</a>]]></description>
      <Point>
        <coordinates>-1.8080000000000227,53.38399999999999,0</coordinates>
      </Point>
    </Placemark>
    <Placemark>
      <name>Master Mk.III W8840</name>
      <description><![CDATA[<a href="https://www.peakdistrictaircrashes.co.uk/crash_sites/peak-district/miles-master-w8840-bottom-house/">More information</a>]]></description>
      <Point>
        <coordinates>-1.935000000000021,53.065,0</coordinates>
      </Point>
    </Placemark>
    <Placemark>
      <name>Oxford Mk.I DF408</name>
      <description><![CDATA[<a href="https://www.peakdistrictaircrashes.co.uk/crash_sites/peak-district/airspeed-oxford-df408-sutton/">More information</a>]]></description>
      <Point>
        <coordinates>-2.0959999999999925,53.20399999999999,0</coordinates>
      </Point>
    </Placemark>
    <Placemark>
      <name>Wellington Mk.IC DV810</name>
      <description><![CDATA[<a href="https://www.peakdistrictaircrashes.co.uk/crash_sites/peak-district/vickers-wellington-dv810-broomhead-moor/">More information</a>]]></description>
      <Point>
        <coordinates>-1.6480000000000075,53.455,0</coordinates>
      </Point>
    </Placemark>
    <Placemark>
      <name>Wellington Mk.III Z1744</name>
      <description><![CDATA[<a href="https://www.peakdistrictaircrashes.co.uk/crash_sites/peak-district/vickers-wellington-z1744-upper-hulme/">More information</a>]]></description>
      <Point>
        <coordinates>-1.9880000000000053,53.15,0</coordinates>
      </Point>
    </Placemark>
    <Placemark>
      <name>Master Mk.III W8560</name>
      <description><![CDATA[<a href="https://www.peakdistrictaircrashes.co.uk/crash_sites/peak-district/miles-master-w8560-bollington/">More information</a>]]></description>
      <Point>
        <coordinates>-2.0990000000000255,53.294999999999995,0</coordinates>
      </Point>
    </Placemark>
    <Placemark>
      <name>Anson Mk.I L7968</name>
      <description><![CDATA[<a href="https://www.peakdistrictaircrashes.co.uk/crash_sites/peak-district/avro-anson-l7968-moss-ridge/">More information</a>]]></description>
      <Point>
        <coordinates>-1.9320000000000148,53.272999999999996,0</coordinates>
      </Point>
    </Placemark>
    <Placemark>
      <name>Master Mk.III W8455</name>
      <description><![CDATA[<a href="https://www.peakdistrictaircrashes.co.uk/crash_sites/peak-district/miles-master-w8455-king-sterndale/">More information</a>]]></description>
      <Point>
        <coordinates>-1.8590000000000095,53.241,0</coordinates>
      </Point>
    </Placemark>
    <Placemark>
      <name>Master Mk.III W8474</name>
      <description><![CDATA[<a href="https://www.peakdistrictaircrashes.co.uk/crash_sites/peak-district/miles-master-w8474-mottram/">More information</a>]]></description>
      <Point>
        <coordinates>-2.005000000000015,53.454,0</coordinates>
      </Point>
    </Placemark>
    <Placemark>
      <name>Wellington Mk.IC Z8980</name>
      <description><![CDATA[<a href="https://www.peakdistrictaircrashes.co.uk/crash_sites/peak-district/vickers-wellington-z8980-rud-hill/">More information</a>]]></description>
      <Point>
        <coordinates>-1.6079999999999803,53.35099999999999,0</coordinates>
      </Point>
    </Placemark>
    <Placemark>
      <name>Stirling Mk.I N6075</name>
      <description><![CDATA[<a href="https://www.peakdistrictaircrashes.co.uk/crash_sites/peak-district/short-stirling-n6075-merryton-low/">More information</a>]]></description>
      <Point>
        <coordinates>-1.9450000000000216,53.147,0</coordinates>
      </Point>
    </Placemark>
    <Placemark>
      <name>Lysander Mk.IIIA V9729</name>
      <description><![CDATA[<a href="https://www.peakdistrictaircrashes.co.uk/crash_sites/peak-district/westland-lysander-v9729-cronkstone/">More information</a>]]></description>
      <Point>
        <coordinates>-1.8140000000000183,53.19,0</coordinates>
      </Point>
    </Placemark>
    <Placemark>
      <name>Wellington Mk.III Z1566</name>
      <description><![CDATA[<a href="https://www.peakdistrictaircrashes.co.uk/crash_sites/peak-district/vickers-wellington-z1566-grindon/">More information</a>]]></description>
      <Point>
        <coordinates>-1.8999999999999768,53.092999999999996,0</coordinates>
      </Point>
    </Placemark>
    <Placemark>
      <name>Master Mk.III W8455</name>
      <description><![CDATA[<a href="https://www.peakdistrictaircrashes.co.uk/crash_sites/peak-district/miles-master-w8455-lyme-green/">More information</a>]]></description>
      <Point>
        <coordinates>-2.1210000000000204,53.237,0</coordinates>
      </Point>
    </Placemark>
    <Placemark>
      <name>Wellington Mk.II Z8491</name>
      <description><![CDATA[<a href="https://www.peakdistrictaircrashes.co.uk/crash_sites/peak-district/vickers-wellington-z8491-white-edge-moor/">More information</a>]]></description>
      <Point>
        <coordinates>-1.589000000000008,53.294,0</coordinates>
      </Point>
    </Placemark>
    <Placemark>
      <name>Hampden Mk.I AE381</name>
      <description><![CDATA[<a href="https://www.peakdistrictaircrashes.co.uk/crash_sites/peak-district/handley-page-hampden-ae381-cluther-rocks/">More information</a>]]></description>
      <Point>
        <coordinates>-1.8839999999999744,53.38399999999999,0</coordinates>
      </Point>
    </Placemark>
    <Placemark>
      <name>Tiger Moth BB811</name>
      <description><![CDATA[<a href="https://www.peakdistrictaircrashes.co.uk/crash_sites/peak-district/de-havilland-tiger-moth-bb811-matlock/">More information</a>]]></description>
      <Point>
        <coordinates>-1.5150000000000161,53.126,0</coordinates>
      </Point>
    </Placemark>
    <Placemark>
      <name>Botha Mk.I W5103</name>
      <description><![CDATA[<a href="https://www.peakdistrictaircrashes.co.uk/crash_sites/peak-district/blackburn-botha-w5103-round-hill/">More information</a>]]></description>
      <Point>
        <coordinates>-1.8359999999999843,53.473,0</coordinates>
      </Point>
    </Placemark>
    <Placemark>
      <name>Magister Mk.I T9823</name>
      <description><![CDATA[<a href="https://www.peakdistrictaircrashes.co.uk/crash_sites/peak-district/miles-magister-t9823-atlow/">More information</a>]]></description>
      <Point>
        <coordinates>-1.6730000000000074,53.029999999999994,0</coordinates>
      </Point>
    </Placemark>
    <Placemark>
      <name>Spitfire Mk.IIA P7560</name>
      <description><![CDATA[<a href="https://www.peakdistrictaircrashes.co.uk/crash_sites/peak-district/supermarine-spitfire-p7560-buxton/">More information</a>]]></description>
      <Point>
        <coordinates>-1.9270000000000156,53.217999999999996,0</coordinates>
      </Point>
    </Placemark>
    <Placemark>
      <name>Oxford Mk.II V3626</name>
      <description><![CDATA[<a href="https://www.peakdistrictaircrashes.co.uk/crash_sites/peak-district/airspeed-oxford-v3626-fawside-edge/">More information</a>]]></description>
      <Point>
        <coordinates>-1.9000000000000108,53.18299999999999,0</coordinates>
      </Point>
    </Placemark>
    <Placemark>
      <name>Defiant Mk.I T3921</name>
      <description><![CDATA[<a href="https://www.peakdistrictaircrashes.co.uk/crash_sites/peak-district/boulton-paul-defiant-t3921-buxton/">More information</a>]]></description>
      <Point>
        <coordinates>-1.9980000000000062,53.245999999999995,0</coordinates>
      </Point>
    </Placemark>
    <Placemark>
      <name>Proctor R7491</name>
      <description><![CDATA[<a href="https://www.peakdistrictaircrashes.co.uk/crash_sites/peak-district/percival-proctor-r7491-buxton/">More information</a>]]></description>
      <Point>
        <coordinates>-1.9139999999999804,53.257,0</coordinates>
      </Point>
    </Placemark>
    <Placemark>
      <name>Oxford Mk.I V3210</name>
      <description><![CDATA[<a href="https://www.peakdistrictaircrashes.co.uk/crash_sites/peak-district/airspeed-oxford-v3210-chapel-en-le-frith/">More information</a>]]></description>
      <Point>
        <coordinates>-1.8630000000000178,53.347,0</coordinates>
      </Point>
    </Placemark>
    <Placemark>
      <name>Leopard Moth AV986</name>
      <description><![CDATA[<a href="https://www.peakdistrictaircrashes.co.uk/crash_sites/peak-district/de-havilland-leopard-moth-av986-rushup-edge/">More information</a>]]></description>
      <Point>
        <coordinates>-1.8389999999999782,53.347,0</coordinates>
      </Point>
    </Placemark>
    <Placemark>
      <name>Defiant Mk.I N3378</name>
      <description><![CDATA[<a href="https://www.peakdistrictaircrashes.co.uk/crash_sites/peak-district/boulton-paul-defiant-n3378-bleaklow-stones/">More information</a>]]></description>
      <Point>
        <coordinates>-1.8420000000000114,53.468999999999994,0</coordinates>
      </Point>
    </Placemark>
    <Placemark>
      <name>Magister Mk.I L6908</name>
      <description><![CDATA[<a href="https://www.peakdistrictaircrashes.co.uk/crash_sites/peak-district/miles-magister-l6908-chapel-en-le-frith/">More information</a>]]></description>
      <Point>
        <coordinates>-1.9189999999999943,53.315999999999995,0</coordinates>
      </Point>
    </Placemark>
    <Placemark>
      <name>Battle Mk.I K9221</name>
      <description><![CDATA[<a href="https://www.peakdistrictaircrashes.co.uk/crash_sites/peak-district/fairey-battle-k9221-dore/">More information</a>]]></description>
      <Point>
        <coordinates>-1.568999999999999,53.340999999999994,0</coordinates>
      </Point>
    </Placemark>
    <Placemark>
      <name>Lysander Mk.IIIA V9403</name>
      <description><![CDATA[<a href="https://www.peakdistrictaircrashes.co.uk/crash_sites/peak-district/westland-lysander-v9403-slate-pit-moss/">More information</a>]]></description>
      <Point>
        <coordinates>-1.9399999999999735,53.525999999999996,0</coordinates>
      </Point>
    </Placemark>
    <Placemark>
      <name>Wellington Mk.IC W5719</name>
      <description><![CDATA[<a href="https://www.peakdistrictaircrashes.co.uk/crash_sites/peak-district/vickers-wellington-w5719-upper-tor/">More information</a>]]></description>
      <Point>
        <coordinates>-1.835000000000023,53.38399999999999,0</coordinates>
      </Point>
    </Placemark>
    <Placemark>
      <name>Blenheim Mk.IV Z5870</name>
      <description><![CDATA[<a href="https://www.peakdistrictaircrashes.co.uk/crash_sites/peak-district/bristol-blenheim-z5870-crowden-tower/">More information</a>]]></description>
      <Point>
        <coordinates>-1.8629999999999907,53.38099999999999,0</coordinates>
      </Point>
    </Placemark>
    <Placemark>
      <name>Magister Mk.I L6909</name>
      <description><![CDATA[<a href="https://www.peakdistrictaircrashes.co.uk/crash_sites/peak-district/miles-magister-l6909-calton/">More information</a>]]></description>
      <Point>
        <coordinates>-1.846999999999978,53.05,0</coordinates>
      </Point>
    </Placemark>
    <Placemark>
      <name>Oxford Mk.I N4641</name>
      <description><![CDATA[<a href="https://www.peakdistrictaircrashes.co.uk/crash_sites/peak-district/airspeed-oxford-n4641-tissington/">More information</a>]]></description>
      <Point>
        <coordinates>-1.7370000000000132,53.088,0</coordinates>
      </Point>
    </Placemark>
    <Placemark>
      <name>Ju88A-5 6213 / F1+AD</name>
      <description><![CDATA[<a href="https://www.peakdistrictaircrashes.co.uk/crash_sites/peak-district/junkers-ju88-f1ad-roach-end/">More information</a>]]></description>
      <Point>
        <coordinates>-1.9950000000000003,53.18,0</coordinates>
      </Point>
    </Placemark>
    <Placemark>
      <name>He111 2871 / G1+LH</name>
      <description><![CDATA[<a href="https://www.peakdistrictaircrashes.co.uk/crash_sites/peak-district/heinkel-he111-g1lh-hazel-grove/">More information</a>]]></description>
      <Point>
        <coordinates>-2.086000000000007,53.385,0</coordinates>
      </Point>
    </Placemark>
    <Placemark>
      <name>Magister Mk.I T9838</name>
      <description><![CDATA[<a href="https://www.peakdistrictaircrashes.co.uk/crash_sites/peak-district/miles-magister-t9838-cheddleton/">More information</a>]]></description>
      <Point>
        <coordinates>-2.0250000000000012,53.071999999999996,0</coordinates>
      </Point>
    </Placemark>
    <Placemark>
      <name>Magister Mk.I L8139</name>
      <description><![CDATA[<a href="https://www.peakdistrictaircrashes.co.uk/crash_sites/peak-district/miles-magister-l8139-meerbrook/">More information</a>]]></description>
      <Point>
        <coordinates>-2.0299999999999847,53.152,0</coordinates>
      </Point>
    </Placemark>
    <Placemark>
      <name>Reliant Mk.I W7982</name>
      <description><![CDATA[<a href="https://www.peakdistrictaircrashes.co.uk/crash_sites/peak-district/stinson-reliant-w7982-brassington/">More information</a>]]></description>
      <Point>
        <coordinates>-1.673000000000012,53.105,0</coordinates>
      </Point>
    </Placemark>
    <Placemark>
      <name>Defiant Mk.I N1766</name>
      <description><![CDATA[<a href="https://www.peakdistrictaircrashes.co.uk/crash_sites/peak-district/boulton-paul-defiant-n1766-rowlee-pasture/">More information</a>]]></description>
      <Point>
        <coordinates>-1.769999999999978,53.410999999999994,0</coordinates>
      </Point>
    </Placemark>
    <Placemark>
      <name>Anson Mk.I N9912</name>
      <description><![CDATA[<a href="https://www.peakdistrictaircrashes.co.uk/crash_sites/peak-district/avro-anson-n9912-whitwell-moor/">More information</a>]]></description>
      <Point>
        <coordinates>-1.6269999999999758,53.474,0</coordinates>
      </Point>
    </Placemark>
    <Placemark>
      <name>Master Mk.I N7870</name>
      <description><![CDATA[<a href="https://www.peakdistrictaircrashes.co.uk/crash_sites/peak-district/miles-master-n7870-youlgreave/">More information</a>]]></description>
      <Point>
        <coordinates>-1.7100000000000073,53.181,0</coordinates>
      </Point>
    </Placemark>
    <Placemark>
      <name>Master Mk.I T8324</name>
      <description><![CDATA[<a href="https://www.peakdistrictaircrashes.co.uk/crash_sites/peak-district/miles-master-t8324-hathersage/">More information</a>]]></description>
      <Point>
        <coordinates>-1.663000000000017,53.357,0</coordinates>
      </Point>
    </Placemark>
    <Placemark>
      <name>Anson Mk.I K6283</name>
      <description><![CDATA[<a href="https://www.peakdistrictaircrashes.co.uk/crash_sites/peak-district/avro-anson-k6283-bradnop/">More information</a>]]></description>
      <Point>
        <coordinates>-1.964,53.096,0</coordinates>
      </Point>
    </Placemark>
    <Placemark>
      <name>Wellington Mk.IC L7811</name>
      <description><![CDATA[<a href="https://www.peakdistrictaircrashes.co.uk/crash_sites/peak-district/vickers-wellington-l7811-conksbury-bridge/">More information</a>]]></description>
      <Point>
        <coordinates>-1.6860000000000164,53.187999999999995,0</coordinates>
      </Point>
    </Placemark>
    <Placemark>
      <name>Blenheim Mk.IV Z5746</name>
      <description><![CDATA[<a href="https://www.peakdistrictaircrashes.co.uk/crash_sites/peak-district/bristol-blenheim-z5746-ox-stones/">More information</a>]]></description>
      <Point>
        <coordinates>-1.5840000000000245,53.349999999999994,0</coordinates>
      </Point>
    </Placemark>
    <Placemark>
      <name>Magister Mk.I R1963</name>
      <description><![CDATA[<a href="https://www.peakdistrictaircrashes.co.uk/crash_sites/peak-district/miles-magister-r1963-bottom-house/">More information</a>]]></description>
      <Point>
        <coordinates>-1.925999999999991,53.071999999999996,0</coordinates>
      </Point>
    </Placemark>
    <Placemark>
      <name>Hampden Mk.I X3154</name>
      <description><![CDATA[<a href="https://www.peakdistrictaircrashes.co.uk/crash_sites/peak-district/handley-page-hampden-x3154-rushup-edge/">More information</a>]]></description>
      <Point>
        <coordinates>-1.8449999999999838,53.344,0</coordinates>
      </Point>
    </Placemark>
    <Placemark>
      <name>Blenheim Mk.I K7172</name>
      <description><![CDATA[<a href="https://www.peakdistrictaircrashes.co.uk/crash_sites/peak-district/bristol-blenheim-k7172-wooley-bridge/">More information</a>]]></description>
      <Point>
        <coordinates>-1.990999999999975,53.455999999999996,0</coordinates>
      </Point>
    </Placemark>
    <Placemark>
      <name>Blenheim Mk.IV T1884</name>
      <description><![CDATA[<a href="https://www.peakdistrictaircrashes.co.uk/crash_sites/peak-district/bristol-blenheim-t1884-harrop-edge/">More information</a>]]></description>
      <Point>
        <coordinates>-2.029999999999988,53.464999999999996,0</coordinates>
      </Point>
    </Placemark>
    <Placemark>
      <name>Magister Mk.I P2427</name>
      <description><![CDATA[<a href="https://www.peakdistrictaircrashes.co.uk/crash_sites/peak-district/miles-magister-p2427-leek/">More information</a>]]></description>
      <Point>
        <coordinates>-2.06999999999998,53.108,0</coordinates>
      </Point>
    </Placemark>
    <Placemark>
      <name>Spitfire Mk.IIA P7593</name>
      <description><![CDATA[<a href="https://www.peakdistrictaircrashes.co.uk/crash_sites/peak-district/supermarine-spitfire-p7593-upper-hulme/">More information</a>]]></description>
      <Point>
        <coordinates>-1.9969999999999737,53.150999999999996,0</coordinates>
      </Point>
    </Placemark>
    <Placemark>
      <name>Blenheim Mk.I L6800</name>
      <description><![CDATA[<a href="https://www.peakdistrictaircrashes.co.uk/crash_sites/peak-district/bristol-blenheim-l6800-monyash/">More information</a>]]></description>
      <Point>
        <coordinates>-1.790000000000022,53.193,0</coordinates>
      </Point>
    </Placemark>
    <Placemark>
      <name>Anson Mk.I N9858</name>
      <description><![CDATA[<a href="https://www.peakdistrictaircrashes.co.uk/crash_sites/peak-district/avro-anson-n9858-wildboarclough/">More information</a>]]></description>
      <Point>
        <coordinates>-1.9970000000000154,53.227,0</coordinates>
      </Point>
    </Placemark>
    <Placemark>
      <name>Hampden Mk.I L4189</name>
      <description><![CDATA[<a href="https://www.peakdistrictaircrashes.co.uk/crash_sites/peak-district/handley-page-hampden-l4189-black-edge/">More information</a>]]></description>
      <Point>
        <coordinates>-1.9050000000000216,53.288999999999994,0</coordinates>
      </Point>
    </Placemark>
    <Placemark>
      <name>Spitfire Mk.I P9563</name>
      <description><![CDATA[<a href="https://www.peakdistrictaircrashes.co.uk/crash_sites/peak-district/supermarine-spitfire-p9563-hartington/">More information</a>]]></description>
      <Point>
        <coordinates>-1.814999999999983,53.142,0</coordinates>
      </Point>
    </Placemark>
    <Placemark>
      <name>Magister Mk.I L8258</name>
      <description><![CDATA[<a href="https://www.peakdistrictaircrashes.co.uk/crash_sites/peak-district/miles-magister-l8258-cheddleton/">More information</a>]]></description>
      <Point>
        <coordinates>-2.0630000000000233,53.06399999999999,0</coordinates>
      </Point>
    </Placemark>
    <Placemark>
      <name>Magister Mk.I N3811</name>
      <description><![CDATA[<a href="https://www.peakdistrictaircrashes.co.uk/crash_sites/peak-district/miles-magister-n3811-darley-dale/">More information</a>]]></description>
      <Point>
        <coordinates>-1.5779999999999788,53.144999999999996,0</coordinates>
      </Point>
    </Placemark>
    <Placemark>
      <name>Hampden Mk.I L4055</name>
      <description><![CDATA[<a href="https://www.peakdistrictaircrashes.co.uk/crash_sites/peak-district/handley-page-hampden-l4055-holmfirth/">More information</a>]]></description>
      <Point>
        <coordinates>-1.850999999999984,53.549,0</coordinates>
      </Point>
    </Placemark>
    <Placemark>
      <name>Tutor K3308</name>
      <description><![CDATA[<a href="https://www.peakdistrictaircrashes.co.uk/crash_sites/peak-district/avro-tutor-k3308-edale/">More information</a>]]></description>
      <Point>
        <coordinates>-1.8089999999999913,53.365,0</coordinates>
      </Point>
    </Placemark>
    <Placemark>
      <name>Swordfish Mk.I P4223</name>
      <description><![CDATA[<a href="https://www.peakdistrictaircrashes.co.uk/crash_sites/peak-district/fairey-swordfish-p4223-heydon-head/">More information</a>]]></description>
      <Point>
        <coordinates>-1.872999999999991,53.538,0</coordinates>
      </Point>
    </Placemark>
    <Placemark>
      <name>Hart Mk.I K3864</name>
      <description><![CDATA[<a href="https://www.peakdistrictaircrashes.co.uk/crash_sites/peak-district/hawker-hart-k3864-ruston-spencer/">More information</a>]]></description>
      <Point>
        <coordinates>-2.084000000000014,53.172,0</coordinates>
      </Point>
    </Placemark>
    <Placemark>
      <name>Blenheim Mk.I L1476</name>
      <description><![CDATA[<a href="https://www.peakdistrictaircrashes.co.uk/crash_sites/peak-district/bristol-blenheim-l1476-sykes-moor/">More information</a>]]></description>
      <Point>
        <coordinates>-1.8789999999999742,53.471,0</coordinates>
      </Point>
    </Placemark>
    <Placemark>
      <name>DH60M Moth K1112</name>
      <description><![CDATA[<a href="https://www.peakdistrictaircrashes.co.uk/crash_sites/peak-district/de-havilland-dh60m-k1112-buxton/">More information</a>]]></description>
      <Point>
        <coordinates>-1.8990000000000198,53.272,0</coordinates>
      </Point>
    </Placemark>
    <Placemark>
      <name>Heyford Mk.III K6875</name>
      <description><![CDATA[<a href="https://www.peakdistrictaircrashes.co.uk/crash_sites/peak-district/handley-page-heyford-k6875-broadlee-bank-tor/">More information</a>]]></description>
      <Point>
        <coordinates>-1.8350000000000022,53.370999999999995,0</coordinates>
      </Point>
    </Placemark>
    <Placemark>
      <name>Bulldog T.M. K3936</name>
      <description><![CDATA[<a href="https://www.peakdistrictaircrashes.co.uk/crash_sites/peak-district/bristol-bulldog-k3936-butterton/">More information</a>]]></description>
      <Point>
        <coordinates>-1.9140000000000175,53.104,0</coordinates>
      </Point>
    </Placemark>
    <Placemark>
      <name>Bulldog T.M. K3939</name>
      <description><![CDATA[<a href="https://www.peakdistrictaircrashes.co.uk/crash_sites/peak-district/bristol-bulldog-k3939-onecote/">More information</a>]]></description>
      <Point>
        <coordinates>-1.9390000000000056,53.096999999999994,0</coordinates>
      </Point>
    </Placemark>
    <Placemark>
      <name>DH80A Puss Moth G-AAZN</name>
      <description><![CDATA[<a href="https://www.peakdistrictaircrashes.co.uk/crash_sites/peak-district/de-havilland-dh80a-g-aazn-bradnop/">More information</a>]]></description>
      <Point>
        <coordinates>-1.973000000000001,53.07599999999999,0</coordinates>
      </Point>
    </Placemark>
    <Placemark>
      <name>DH60X Moth G-EBWA</name>
      <description><![CDATA[<a href="https://www.peakdistrictaircrashes.co.uk/crash_sites/peak-district/de-havilland-dh60x-g-ebwa-burbage-edge/">More information</a>]]></description>
      <Point>
        <coordinates>-1.9650000000000245,53.241,0</coordinates>
      </Point>
    </Placemark>
    <Placemark>
      <name>Desoutter G-AAPZ</name>
      <description><![CDATA[<a href="https://www.peakdistrictaircrashes.co.uk/crash_sites/peak-district/desoutter-g-aapz-meerbrook/">More information</a>]]></description>
      <Point>
        <coordinates>-2.031000000000024,53.153999999999996,0</coordinates>
      </Point>
    </Placemark>
    <Placemark>
      <name>DH-60M Moth G-AAJX</name>
      <description><![CDATA[<a href="https://www.peakdistrictaircrashes.co.uk/crash_sites/peak-district/de-havilland-dh-60m-g-aajx-matley/">More information</a>]]></description>
      <Point>
        <coordinates>-2.047000000000012,53.467,0</coordinates>
      </Point>
    </Placemark>
    <Placemark>
      <name>Bristol Fighter Mk.III J8432</name>
      <description><![CDATA[<a href="https://www.peakdistrictaircrashes.co.uk/crash_sites/peak-district/bristol-fighter-j8432-matlock/">More information</a>]]></description>
      <Point>
        <coordinates>-1.5360000000000251,53.156,0</coordinates>
      </Point>
    </Placemark>
    <Placemark>
      <name>Avian G-EBVZ</name>
      <description><![CDATA[<a href="https://www.peakdistrictaircrashes.co.uk/crash_sites/peak-district/avro-avian-g-ebvz-stalybridge/">More information</a>]]></description>
      <Point>
        <coordinates>-2.058000000000022,53.474,0</coordinates>
      </Point>
    </Placemark>
    <Placemark>
      <name>Biplane </name>
      <description><![CDATA[<a href="https://www.peakdistrictaircrashes.co.uk/crash_sites/peak-district/biplane-standedge/">More information</a>]]></description>
      <Point>
        <coordinates>-1.9779999999999969,53.58,0</coordinates>
      </Point>
    </Placemark>
    <Placemark>
      <name>Avro 504 E9431</name>
      <description><![CDATA[<a href="https://www.peakdistrictaircrashes.co.uk/crash_sites/peak-district/avro-504-e9431-earl-sterndale/">More information</a>]]></description>
      <Point>
        <coordinates>-1.8679999999999881,53.199999999999996,0</coordinates>
      </Point>
    </Placemark>
    <Placemark>
      <name>DH.9 </name>
      <description><![CDATA[<a href="https://www.peakdistrictaircrashes.co.uk/crash_sites/peak-district/dh-9-torside/">More information</a>]]></description>
      <Point>
        <coordinates>-1.8900000000000188,53.486,0</coordinates>
      </Point>
    </Placemark>
    <Placemark>
      <name>DH.9 </name>
      <description><![CDATA[<a href="https://www.peakdistrictaircrashes.co.uk/crash_sites/peak-district/de-havilland-dh-9-mottram/">More information</a>]]></description>
      <Point>
        <coordinates>-2.0110000000000023,53.451,0</coordinates>
      </Point>
    </Placemark>
    <Placemark>
      <name>Biplane </name>
      <description><![CDATA[<a href="https://www.peakdistrictaircrashes.co.uk/crash_sites/peak-district/biplane-sparrowpit/">More information</a>]]></description>
      <Point>
        <coordinates>-1.865999999999975,53.323,0</coordinates>
      </Point>
    </Placemark>
    <Placemark>
      <name>Avro Biplane </name>
      <description><![CDATA[<a href="https://www.peakdistrictaircrashes.co.uk/crash_sites/peak-district/avro-biplane-buxton/">More information</a>]]></description>
      <Point>
        <coordinates>-1.9030000000000091,53.251,0</coordinates>
      </Point>
    </Placemark>
    <Placemark>
      <name>Hawk T. Mk.1 XX166</name>
      <description><![CDATA[<a href="https://www.peakdistrictaircrashes.co.uk/crash_sites/isle-of-man/british-aerospace-hawk-xx166-clagh-ouyr/">More information</a>]]></description>
      <Point>
        <coordinates>-4.432000000000022,54.272,0</coordinates>
      </Point>
    </Placemark>
    <Placemark>
      <name>Anson T. Mk.20 VM418</name>
      <description><![CDATA[<a href="https://www.peakdistrictaircrashes.co.uk/crash_sites/isle-of-man/avro-anson-vm418-clagh-ouyr/">More information</a>]]></description>
      <Point>
        <coordinates>-4.436000000000008,54.269,0</coordinates>
      </Point>
    </Placemark>
    <Placemark>
      <name>Halifax C. Mk.8 G-AJNZ</name>
      <description><![CDATA[<a href="https://www.peakdistrictaircrashes.co.uk/crash_sites/isle-of-man/handley-page-halifax-g-ajnz-cronk-ny-arrey-laa/">More information</a>]]></description>
      <Point>
        <coordinates>-4.71700000000001,54.135999999999996,0</coordinates>
      </Point>
    </Placemark>
    <Placemark>
      <name>Anson Mk.I MG445</name>
      <description><![CDATA[<a href="https://www.peakdistrictaircrashes.co.uk/crash_sites/isle-of-man/avro-anson-mg445-slieau-ruy/">More information</a>]]></description>
      <Point>
        <coordinates>-4.395000000000019,54.256,0</coordinates>
      </Point>
    </Placemark>
    <Placemark>
      <name>B-17G 43-38856</name>
      <description><![CDATA[<a href="https://www.peakdistrictaircrashes.co.uk/crash_sites/isle-of-man/boeing-b-17g-43-38856-north-barrule/">More information</a>]]></description>
      <Point>
        <coordinates>-4.393000000000019,54.289,0</coordinates>
      </Point>
    </Placemark>
    <Placemark>
      <name>B-17G 42-37840</name>
      <description><![CDATA[<a href="https://www.peakdistrictaircrashes.co.uk/crash_sites/isle-of-man/boeing-b-17g-42-37840-the-chasms/">More information</a>]]></description>
      <Point>
        <coordinates>-4.757999999999975,54.065999999999995,0</coordinates>
      </Point>
    </Placemark>
    <Placemark>
      <name>Wellington Mk.XIII MF174</name>
      <description><![CDATA[<a href="https://www.peakdistrictaircrashes.co.uk/crash_sites/isle-of-man/vickers-wellington-mf174-south-barrule/">More information</a>]]></description>
      <Point>
        <coordinates>-4.679000000000019,54.15,0</coordinates>
      </Point>
    </Placemark>
    <Placemark>
      <name>Anson Mk.I AX177</name>
      <description><![CDATA[<a href="https://www.peakdistrictaircrashes.co.uk/crash_sites/isle-of-man/avro-anson-ax177-cronk-ny-arrey-laa/">More information</a>]]></description>
      <Point>
        <coordinates>-4.721000000000001,54.139,0</coordinates>
      </Point>
    </Placemark>
    <Placemark>
      <name>B-26C 41-35791</name>
      <description><![CDATA[<a href="https://www.peakdistrictaircrashes.co.uk/crash_sites/isle-of-man/martin-b-26c-41-35791-cronk-ny-arrey-laa/">More information</a>]]></description>
      <Point>
        <coordinates>-4.7199999999999935,54.137,0</coordinates>
      </Point>
    </Placemark>
    <Placemark>
      <name>B-24H 42-51202</name>
      <description><![CDATA[<a href="https://www.peakdistrictaircrashes.co.uk/crash_sites/isle-of-man/consolidated-b-24h-42-51202-snaefell/">More information</a>]]></description>
      <Point>
        <coordinates>-4.462000000000023,54.263,0</coordinates>
      </Point>
    </Placemark>
    <Placemark>
      <name>Hurricane Mk.IIB Z3677</name>
      <description><![CDATA[<a href="https://www.peakdistrictaircrashes.co.uk/crash_sites/isle-of-man/hawker-hurricane-z3677-north-barrule/">More information</a>]]></description>
      <Point>
        <coordinates>-4.408000000000021,54.276,0</coordinates>
      </Point>
    </Placemark>
    <Placemark>
      <name>Hurricane Mk.IIB Z3253</name>
      <description><![CDATA[<a href="https://www.peakdistrictaircrashes.co.uk/crash_sites/isle-of-man/hawker-hurricane-z3253-snaefell-mines/">More information</a>]]></description>
      <Point>
        <coordinates>-4.4439999999999955,54.257,0</coordinates>
      </Point>
    </Placemark>
    <Placemark>
      <name>Wellington Mk.IC Z8424</name>
      <description><![CDATA[<a href="https://www.peakdistrictaircrashes.co.uk/crash_sites/isle-of-man/vickers-wellington-z8424-snaefell/">More information</a>]]></description>
      <Point>
        <coordinates>-4.462999999999986,54.260999999999996,0</coordinates>
      </Point>
    </Placemark>
    <Placemark>
      <name>Hudson Mk.I N7337</name>
      <description><![CDATA[<a href="https://www.peakdistrictaircrashes.co.uk/crash_sites/isle-of-man/lockheed-hudson-n7337-north-barrule/">More information</a>]]></description>
      <Point>
        <coordinates>-4.38099999999998,54.291,0</coordinates>
      </Point>
    </Placemark>
    <Placemark>
      <name>Hampden Mk.I P1260</name>
      <description><![CDATA[<a href="https://www.peakdistrictaircrashes.co.uk/crash_sites/isle-of-man/handley-page-hampden-p1260-snafell/">More information</a>]]></description>
      <Point>
        <coordinates>-4.47100000000001,54.263,0</coordinates>
      </Point>
    </Placemark>
    <Placemark>
      <name>Anson Mk.I MG386</name>
      <description><![CDATA[<a href="https://www.peakdistrictaircrashes.co.uk/crash_sites/scotland/anson-mg386-bennanbrack-dumfries-and-galloway/">More information</a>]]></description>
      <Point>
        <coordinates>-4.444000000000003,55.065999999999995,0</coordinates>
      </Point>
    </Placemark>
    <Placemark>
      <name>B-17G 44-83325</name>
      <description><![CDATA[<a href="https://www.peakdistrictaircrashes.co.uk/crash_sites/scotland/boeing-b-17g-44-83325-beinn-edra/">More information</a>]]></description>
      <Point>
        <coordinates>-6.257999999999792,57.585,0</coordinates>
      </Point>
    </Placemark>
    <Placemark>
      <name>Wellington Mk.IA L7775</name>
      <description><![CDATA[<a href="https://www.peakdistrictaircrashes.co.uk/crash_sites/scotland/vickers-wellington-l7775-bruach-mhor/">More information</a>]]></description>
      <Point>
        <coordinates>-3.4999999999999756,57.052,0</coordinates>
      </Point>
    </Placemark>
    <Placemark>
      <name>Anson Mk.I R9583</name>
      <description><![CDATA[<a href="https://www.peakdistrictaircrashes.co.uk/crash_sites/scotland/avro-anson-r9583-carn-nan-tri-tighearnan/">More information</a>]]></description>
      <Point>
        <coordinates>-3.961999999999973,57.425999999999995,0</coordinates>
      </Point>
    </Placemark>
    <Placemark>
      <name>Sea Hawk F.B. Mk.3 WM986</name>
      <description><![CDATA[<a href="https://www.peakdistrictaircrashes.co.uk/crash_sites/scotland/hawker-sea-hawk-wm986-allt-bad-na-staing/">More information</a>]]></description>
      <Point>
        <coordinates>-3.8420000000000116,57.37799999999999,0</coordinates>
      </Point>
    </Placemark>
    <Placemark>
      <name>Oxford Mk.2 V3910</name>
      <description><![CDATA[<a href="https://www.peakdistrictaircrashes.co.uk/crash_sites/scotland/airspeed-oxford-v3910-maol-an-taillier/">More information</a>]]></description>
      <Point>
        <coordinates>-3.8269999999999813,57.427,0</coordinates>
      </Point>
    </Placemark>
    <Placemark>
      <name>Anson Mk.I DJ472</name>
      <description><![CDATA[<a href="https://www.peakdistrictaircrashes.co.uk/crash_sites/scotland/avro-anson-dj472-caisteal-abhail/">More information</a>]]></description>
      <Point>
        <coordinates>-5.229999999999993,55.65,0</coordinates>
      </Point>
    </Placemark>
    <Placemark>
      <name>Lancaster B. Mk.I PD259</name>
      <description><![CDATA[<a href="https://www.peakdistrictaircrashes.co.uk/crash_sites/scotland/avro-lancaster-pd259-carn-icean-duibhe/">More information</a>]]></description>
      <Point>
        <coordinates>-4.105999999999995,57.169,0</coordinates>
      </Point>
    </Placemark>
    <Placemark>
      <name>Blenheim Mk.IV Z7356</name>
      <description><![CDATA[<a href="https://www.peakdistrictaircrashes.co.uk/crash_sites/scotland/bristol-blenheim-z7356-braeriach/">More information</a>]]></description>
      <Point>
        <coordinates>-3.7080000000000264,57.07899999999999,0</coordinates>
      </Point>
    </Placemark>
    <Placemark>
      <name>Oxford Mk.I HM724</name>
      <description><![CDATA[<a href="https://www.peakdistrictaircrashes.co.uk/crash_sites/scotland/airspeed-oxford-hm724-braeriach/">More information</a>]]></description>
      <Point>
        <coordinates>-3.714999999999975,57.07899999999999,0</coordinates>
      </Point>
    </Placemark>
    <Placemark>
      <name>Anson Mk.I N5297</name>
      <description><![CDATA[<a href="https://www.peakdistrictaircrashes.co.uk/crash_sites/scotland/avro-anson-n5297-shalloch-on-minnoch/">More information</a>]]></description>
      <Point>
        <coordinates>-4.503000000000028,55.184,0</coordinates>
      </Point>
    </Placemark>
    <Placemark>
      <name>Catalina Mk.IVA JX210</name>
      <description><![CDATA[<a href="https://www.peakdistrictaircrashes.co.uk/crash_sites/scotland/consolidated-catalina-jx210-hill-of-garth/">More information</a>]]></description>
      <Point>
        <coordinates>-1.2579999999999734,60.454,0</coordinates>
      </Point>
    </Placemark>
    <Placemark>
      <name>Oxford Mk.I T1287</name>
      <description><![CDATA[<a href="https://www.peakdistrictaircrashes.co.uk/crash_sites/scotland/airspeed-oxford-t1287-shalloch-on-minnoch/">More information</a>]]></description>
      <Point>
        <coordinates>-4.5169999999999835,55.181999999999995,0</coordinates>
      </Point>
    </Placemark>
    <Placemark>
      <name>Wellington Mk.III HF816</name>
      <description><![CDATA[<a href="https://www.peakdistrictaircrashes.co.uk/crash_sites/scotland/wellington-hf816-an-lurg/">More information</a>]]></description>
      <Point>
        <coordinates>-3.575000000000008,57.167,0</coordinates>
      </Point>
    </Placemark>
    <Placemark>
      <name>Typhoon Mk.IB DN366</name>
      <description><![CDATA[<a href="https://www.peakdistrictaircrashes.co.uk/crash_sites/scotland/hawker-typhoon-dn366-faseny-cottage/">More information</a>]]></description>
      <Point>
        <coordinates>-2.6199999999999855,55.858999999999995,0</coordinates>
      </Point>
    </Placemark>
    <Placemark>
      <name>Spitfire Mk.Vb W3244</name>
      <description><![CDATA[<a href="https://www.peakdistrictaircrashes.co.uk/crash_sites/scotland/supermarine-spitfire-w3244-bullhope-law/">More information</a>]]></description>
      <Point>
        <coordinates>-2.7329999999999974,55.836999999999996,0</coordinates>
      </Point>
    </Placemark>
    <Placemark>
      <name>Catalina Mk.IVB JX273</name>
      <description><![CDATA[<a href="https://www.peakdistrictaircrashes.co.uk/crash_sites/scotland/consolidated-catalina-jx273-theiseabhal-beag-vatersay/">More information</a>]]></description>
      <Point>
        <coordinates>-7.5240000000001395,56.93,0</coordinates>
      </Point>
    </Placemark>
    <Placemark>
      <name>Jaguar GR1A XX732</name>
      <description><![CDATA[<a href="https://www.peakdistrictaircrashes.co.uk/crash_sites/scotland/sepecat-jaguar-xx732-stock-hill/">More information</a>]]></description>
      <Point>
        <coordinates>-3.068999999999992,55.317,0</coordinates>
      </Point>
    </Placemark>
    <Placemark>
      <name>Master Mk.I N7761</name>
      <description><![CDATA[<a href="https://www.peakdistrictaircrashes.co.uk/crash_sites/scotland/miles-master-n7761-broad-law/">More information</a>]]></description>
      <Point>
        <coordinates>-3.3599999999999954,55.488,0</coordinates>
      </Point>
    </Placemark>
    <Placemark>
      <name>DH60G Moth Major G-ACGD</name>
      <description><![CDATA[<a href="https://www.peakdistrictaircrashes.co.uk/crash_sites/scotland/de-havilland-dh60g-moth-major-g-acgd-broadlaw/">More information</a>]]></description>
      <Point>
        <coordinates>-3.3469999999999827,55.49999999999999,0</coordinates>
      </Point>
    </Placemark>
    <Placemark>
      <name>Defiant Mk.I T4042</name>
      <description><![CDATA[<a href="https://www.peakdistrictaircrashes.co.uk/crash_sites/scotland/boulton-paul-defiant-t4042-hunt-law/">More information</a>]]></description>
      <Point>
        <coordinates>-2.6830000000000234,55.811,0</coordinates>
      </Point>
    </Placemark>
    <Placemark>
      <name>B-24D 42-72851</name>
      <description><![CDATA[<a href="https://www.peakdistrictaircrashes.co.uk/crash_sites/scotland/consolidated-b-24d-42-72851-li-a-tuath/">More information</a>]]></description>
      <Point>
        <coordinates>-7.13999999999979,57.583,0</coordinates>
      </Point>
    </Placemark>
    <Placemark>
      <name>Catalina Mk.I Z2148</name>
      <description><![CDATA[<a href="https://www.peakdistrictaircrashes.co.uk/crash_sites/scotland/consolidated-catalina-z2148-isle-of-yell/">More information</a>]]></description>
      <Point>
        <coordinates>-1.1250000000000064,60.547,0</coordinates>
      </Point>
    </Placemark>
    <Placemark>
      <name>Cherokee G-AZSE</name>
      <description><![CDATA[<a href="https://www.peakdistrictaircrashes.co.uk/crash_sites/scotland/piper-cherokee-g-azse-sheabhal/">More information</a>]]></description>
      <Point>
        <coordinates>-7.466000000000174,56.97,0</coordinates>
      </Point>
    </Placemark>
    <Placemark>
      <name>Javelin F.A.W. Mk.6 XA825</name>
      <description><![CDATA[<a href="https://www.peakdistrictaircrashes.co.uk/crash_sites/scotland/gloster-javelin-xa825-emly-bank/">More information</a>]]></description>
      <Point>
        <coordinates>-3.126000000000011,55.714999999999996,0</coordinates>
      </Point>
    </Placemark>
    <Placemark>
      <name>Blenheim Mk.IV Z7646</name>
      <description><![CDATA[<a href="https://www.peakdistrictaircrashes.co.uk/crash_sites/scotland/bristol-blenheim-z7646-bowbeat-hill/">More information</a>]]></description>
      <Point>
        <coordinates>-3.1219999999999852,55.711999999999996,0</coordinates>
      </Point>
    </Placemark>
    <Placemark>
      <name>Chinook H.C. Mk.2 ZD576</name>
      <description><![CDATA[<a href="https://www.peakdistrictaircrashes.co.uk/crash_sites/scotland/boeing-vertol-chinook-zd576-beinn-na-lice/">More information</a>]]></description>
      <Point>
        <coordinates>-5.794000000000209,55.313,0</coordinates>
      </Point>
    </Placemark>
    <Placemark>
      <name>Cessna 152 G-BNGD</name>
      <description><![CDATA[<a href="https://www.peakdistrictaircrashes.co.uk/crash_sites/scotland/cessna-152-g-bngd-barholm-hill/">More information</a>]]></description>
      <Point>
        <coordinates>-4.278000000000002,54.867,0</coordinates>
      </Point>
    </Placemark>
    <Placemark>
      <name>Tornado G.R. Mk.1A ZG708</name>
      <description><![CDATA[<a href="https://www.peakdistrictaircrashes.co.uk/crash_sites/scotland/panavia-tornado-zg708-glen-ogle/">More information</a>]]></description>
      <Point>
        <coordinates>-4.3380000000000205,56.428,0</coordinates>
      </Point>
    </Placemark>
    <Placemark>
      <name>Cessna 206D Skylane EI-BGK</name>
      <description><![CDATA[<a href="https://www.peakdistrictaircrashes.co.uk/crash_sites/scotland/cessna-206-ei-bgk-beinn-an-leathaid/">More information</a>]]></description>
      <Point>
        <coordinates>-6.059999999999859,56.735,0</coordinates>
      </Point>
    </Placemark>
    <Placemark>
      <name>F-111E 68-0003</name>
      <description><![CDATA[<a href="https://www.peakdistrictaircrashes.co.uk/crash_sites/scotland/general-dynamics-f-111e-68-0003-craignaw/">More information</a>]]></description>
      <Point>
        <coordinates>-4.419000000000004,55.11899999999999,0</coordinates>
      </Point>
    </Placemark>
    <Placemark>
      <name>RF-4C 68-0566</name>
      <description><![CDATA[<a href="https://www.peakdistrictaircrashes.co.uk/crash_sites/scotland/mcdonnell-rf-4c-68-0566-cairnsmore-of-fleet/">More information</a>]]></description>
      <Point>
        <coordinates>-4.35600000000001,54.978,0</coordinates>
      </Point>
    </Placemark>
    <Placemark>
      <name>Shackleton M.R. Mk.2 WB833</name>
      <description><![CDATA[<a href="https://www.peakdistrictaircrashes.co.uk/crash_sites/scotland/avro-shackleton-wb833-glenmanuilt-hill/">More information</a>]]></description>
      <Point>
        <coordinates>-5.708000000000006,55.304,0</coordinates>
      </Point>
    </Placemark>
    <Placemark>
      <name>Shackleton M.R. Mk.3 XF702</name>
      <description><![CDATA[<a href="https://www.peakdistrictaircrashes.co.uk/crash_sites/scotland/avro-shackleton-xf702-creag-bhan/">More information</a>]]></description>
      <Point>
        <coordinates>-5.6249999999999805,56.892,0</coordinates>
      </Point>
    </Placemark>
    <Placemark>
      <name>Canberra P.R. Mk.7 WT531</name>
      <description><![CDATA[<a href="https://www.peakdistrictaircrashes.co.uk/crash_sites/scotland/english-electric-canberra-wt531-sron-gharbh/">More information</a>]]></description>
      <Point>
        <coordinates>-3.605000000000004,58.211999999999996,0</coordinates>
      </Point>
    </Placemark>
    <Placemark>
      <name>F-101C 56-0013</name>
      <description><![CDATA[<a href="https://www.peakdistrictaircrashes.co.uk/crash_sites/scotland/mcdonnell-f-101c-56-0013-maol-odhar/">More information</a>]]></description>
      <Point>
        <coordinates>-5.457999999999997,56.665,0</coordinates>
      </Point>
    </Placemark>
    <Placemark>
      <name>Auster J/1U Workmaster G-APMJ</name>
      <description><![CDATA[<a href="https://www.peakdistrictaircrashes.co.uk/crash_sites/scotland/auster-workmaster-g-apmj-dungeon-hill/">More information</a>]]></description>
      <Point>
        <coordinates>-4.423999999999994,55.135999999999996,0</coordinates>
      </Point>
    </Placemark>
    <Placemark>
      <name>Prentice Mk.1 G-AOLR</name>
      <description><![CDATA[<a href="https://www.peakdistrictaircrashes.co.uk/crash_sites/scotland/percival-prentice-g-aolr-kilsyth-hills/">More information</a>]]></description>
      <Point>
        <coordinates>-4.113999999999987,55.989999999999995,0</coordinates>
      </Point>
    </Placemark>
    <Placemark>
      <name>Sea Hawk F.G.A. Mk.4 WV845</name>
      <description><![CDATA[<a href="https://www.peakdistrictaircrashes.co.uk/crash_sites/scotland/hawker-sea-hawk-wv845-creag-an-lochain-deirg/">More information</a>]]></description>
      <Point>
        <coordinates>-3.882000000000014,58.047,0</coordinates>
      </Point>
    </Placemark>
    <Placemark>
      <name>Neptune M.R. Mk.1 WX545</name>
      <description><![CDATA[<a href="https://www.peakdistrictaircrashes.co.uk/crash_sites/scotland/lockheed-neptune-wx545-beinn-na-lice/">More information</a>]]></description>
      <Point>
        <coordinates>-5.787000000000265,55.318,0</coordinates>
      </Point>
    </Placemark>
    <Placemark>
      <name>B-26B  8811-B</name>
      <description><![CDATA[<a href="https://www.peakdistrictaircrashes.co.uk/crash_sites/scotland/douglas-b-26b-8811b-distinkhorn/">More information</a>]]></description>
      <Point>
        <coordinates>-4.231000000000009,55.562999999999995,0</coordinates>
      </Point>
    </Placemark>
    <Placemark>
      <name>Harvard Mk.2B FT401</name>
      <description><![CDATA[<a href="https://www.peakdistrictaircrashes.co.uk/crash_sites/scotland/north-american-harvard-ft401-little-knock/">More information</a>]]></description>
      <Point>
        <coordinates>-3.374999999999975,55.519999999999996,0</coordinates>
      </Point>
    </Placemark>
    <Placemark>
      <name>Firefly A.S. Mk.5 WB336</name>
      <description><![CDATA[<a href="https://www.peakdistrictaircrashes.co.uk/crash_sites/scotland/fairey-firefly-wb336-beinn-uraraidh/">More information</a>]]></description>
      <Point>
        <coordinates>-6.122000000000112,55.711,0</coordinates>
      </Point>
    </Placemark>
    <Placemark>
      <name>KB-29P 44-83950</name>
      <description><![CDATA[<a href="https://www.peakdistrictaircrashes.co.uk/crash_sites/scotland/boeing-kb-29p-44-83950-carsphairn/">More information</a>]]></description>
      <Point>
        <coordinates>-4.292000000000018,55.233,0</coordinates>
      </Point>
    </Placemark>
    <Placemark>
      <name>Lancaster G.R. Mk.3 TX264</name>
      <description><![CDATA[<a href="https://www.peakdistrictaircrashes.co.uk/crash_sites/scotland/avro-lancaster-tx264-beinn-eighe/">More information</a>]]></description>
      <Point>
        <coordinates>-5.442999999999973,57.585,0</coordinates>
      </Point>
    </Placemark>
    <Placemark>
      <name>Argus G-AJSA</name>
      <description><![CDATA[<a href="https://www.peakdistrictaircrashes.co.uk/crash_sites/scotland/fairchild-argus-g-ajsa-abington/">More information</a>]]></description>
      <Point>
        <coordinates>-3.58500000000001,55.509,0</coordinates>
      </Point>
    </Placemark>
    <Placemark>
      <name>Sea Otter Mk.2 JN246</name>
      <description><![CDATA[<a href="https://www.peakdistrictaircrashes.co.uk/crash_sites/scotland/supermarine-sea-otter-jn246-colonsay/">More information</a>]]></description>
      <Point>
        <coordinates>-6.269999999999891,56.045,0</coordinates>
      </Point>
    </Placemark>
    <Placemark>
      <name>Seafire Mk.15 SW826</name>
      <description><![CDATA[<a href="https://www.peakdistrictaircrashes.co.uk/crash_sites/scotland/supermarine-seafire-sw826-the-drum/">More information</a>]]></description>
      <Point>
        <coordinates>-3.3570000000000215,57.562,0</coordinates>
      </Point>
    </Placemark>
    <Placemark>
      <name>Dominie Mk.I X7400</name>
      <description><![CDATA[<a href="https://www.peakdistrictaircrashes.co.uk/crash_sites/scotland/de-havilland-dominie-x7400-dollar-law/">More information</a>]]></description>
      <Point>
        <coordinates>-3.2990000000000173,55.537,0</coordinates>
      </Point>
    </Placemark>
    <Placemark>
      <name>B-29A 44-62276</name>
      <description><![CDATA[<a href="https://www.peakdistrictaircrashes.co.uk/crash_sites/scotland/boeing-b-29a-44-62276-beinn-tharsuinn/">More information</a>]]></description>
      <Point>
        <coordinates>-4.964000000000009,56.175999999999995,0</coordinates>
      </Point>
    </Placemark>
    <Placemark>
      <name>Dragon Rapide G-AFFF</name>
      <description><![CDATA[<a href="https://www.peakdistrictaircrashes.co.uk/crash_sites/scotland/de-havilland-dragon-rapide-g-afff-craigton-hill/">More information</a>]]></description>
      <Point>
        <coordinates>-4.38200000000002,55.954,0</coordinates>
      </Point>
    </Placemark>
    <Placemark>
      <name>Wildcat Mk.V JV404</name>
      <description><![CDATA[<a href="https://www.peakdistrictaircrashes.co.uk/crash_sites/scotland/grumman-wildcat-jv404-bennan/">More information</a>]]></description>
      <Point>
        <coordinates>-4.514999999999989,55.10999999999999,0</coordinates>
      </Point>
    </Placemark>
    <Placemark>
      <name>B-24H 41-29369</name>
      <description><![CDATA[<a href="https://www.peakdistrictaircrashes.co.uk/crash_sites/scotland/consolidated-b-24h-41-29369-tarskavaig/">More information</a>]]></description>
      <Point>
        <coordinates>-5.977999999999765,57.11,0</coordinates>
      </Point>
    </Placemark>
    <Placemark>
      <name>Barracuda Mk.II PM870</name>
      <description><![CDATA[<a href="https://www.peakdistrictaircrashes.co.uk/crash_sites/scotland/fairey-barracuda-pm870-col-bheinn/">More information</a>]]></description>
      <Point>
        <coordinates>-3.889999999999993,58.069,0</coordinates>
      </Point>
    </Placemark>
    <Placemark>
      <name>B-24H 42-95095</name>
      <description><![CDATA[<a href="https://www.peakdistrictaircrashes.co.uk/crash_sites/scotland/consolidated-b-24h-42-95095-sidhean-mor/">More information</a>]]></description>
      <Point>
        <coordinates>-5.677000000000026,57.677,0</coordinates>
      </Point>
    </Placemark>
    <Placemark>
      <name>B-24M 44-50695</name>
      <description><![CDATA[<a href="https://www.peakdistrictaircrashes.co.uk/crash_sites/scotland/consolidated-b-24m-44-50695-goodmans-cairn/">More information</a>]]></description>
      <Point>
        <coordinates>-4.922999999999984,55.06,0</coordinates>
      </Point>
    </Placemark>
    <Placemark>
      <name>Dakota Mk.IV KK194</name>
      <description><![CDATA[<a href="https://www.peakdistrictaircrashes.co.uk/crash_sites/scotland/douglas-dakota-kk194-ben-talaidh/">More information</a>]]></description>
      <Point>
        <coordinates>-5.850999999999773,56.451,0</coordinates>
      </Point>
    </Placemark>
    <Placemark>
      <name>Liberator Mk.V FL949</name>
      <description><![CDATA[<a href="https://www.peakdistrictaircrashes.co.uk/crash_sites/scotland/consolidated-liberator-fl949-cuilags/">More information</a>]]></description>
      <Point>
        <coordinates>-3.3769999999999754,58.907,0</coordinates>
      </Point>
    </Placemark>
    <Placemark>
      <name>Typhoon Mk.IB MN532</name>
      <description><![CDATA[<a href="https://www.peakdistrictaircrashes.co.uk/crash_sites/scotland/hawker-typhoon-mn532-stony-hill/">More information</a>]]></description>
      <Point>
        <coordinates>-4.011999999999983,55.46999999999999,0</coordinates>
      </Point>
    </Placemark>
    <Placemark>
      <name>B-17G 42-97286</name>
      <description><![CDATA[<a href="https://www.peakdistrictaircrashes.co.uk/crash_sites/scotland/boeing-b-17g-42-97286-beinn-nuis/">More information</a>]]></description>
      <Point>
        <coordinates>-5.247000000000021,55.61,0</coordinates>
      </Point>
    </Placemark>
    <Placemark>
      <name>Anson Mk.I EG693</name>
      <description><![CDATA[<a href="https://www.peakdistrictaircrashes.co.uk/crash_sites/scotland/avro-anson-eg693-craigronald/">More information</a>]]></description>
      <Point>
        <coordinates>-4.310000000000015,54.99399999999999,0</coordinates>
      </Point>
    </Placemark>
    <Placemark>
      <name>Wildcat Mk.V JV499</name>
      <description><![CDATA[<a href="https://www.peakdistrictaircrashes.co.uk/crash_sites/scotland/grumman-wildcat-jv499-blackside/">More information</a>]]></description>
      <Point>
        <coordinates>-4.222999999999999,55.541999999999994,0</coordinates>
      </Point>
    </Placemark>
    <Placemark>
      <name>Mosquito Mk.IV DZ642</name>
      <description><![CDATA[<a href="https://www.peakdistrictaircrashes.co.uk/crash_sites/scotland/de-havilland-mosquito-dz642-royl-field/">More information</a>]]></description>
      <Point>
        <coordinates>-1.298999999999979,60.04,0</coordinates>
      </Point>
    </Placemark>
    <Placemark>
      <name>Anson Mk.I MG827</name>
      <description><![CDATA[<a href="https://www.peakdistrictaircrashes.co.uk/crash_sites/scotland/avro-anson-mg827-criffel/">More information</a>]]></description>
      <Point>
        <coordinates>-3.6360000000000148,54.942,0</coordinates>
      </Point>
    </Placemark>
    <Placemark>
      <name>Firefly F.R. Mk.I DT977</name>
      <description><![CDATA[<a href="https://www.peakdistrictaircrashes.co.uk/crash_sites/scotland/fairey-firefly-dt977-blaeloch-hill/">More information</a>]]></description>
      <Point>
        <coordinates>-4.8049999999999935,55.75599999999999,0</coordinates>
      </Point>
    </Placemark>
    <Placemark>
      <name>Lancaster Mk.III PB456</name>
      <description><![CDATA[<a href="https://www.peakdistrictaircrashes.co.uk/crash_sites/scotland/avro-lancaster-pb456-conic-hill/">More information</a>]]></description>
      <Point>
        <coordinates>-4.529000000000005,56.104,0</coordinates>
      </Point>
    </Placemark>
    <Placemark>
      <name>C-47A 42-93038</name>
      <description><![CDATA[<a href="https://www.peakdistrictaircrashes.co.uk/crash_sites/scotland/douglas-c-47a-42-93038-cairngarroch-bay/">More information</a>]]></description>
      <Point>
        <coordinates>-5.042999999999999,54.800999999999995,0</coordinates>
      </Point>
    </Placemark>
    <Placemark>
      <name>Corsair Mk.II JT461</name>
      <description><![CDATA[<a href="https://www.peakdistrictaircrashes.co.uk/crash_sites/scotland/vought-corsair-jt461-enegars/">More information</a>]]></description>
      <Point>
        <coordinates>-3.395999999999993,58.916,0</coordinates>
      </Point>
    </Placemark>
    <Placemark>
      <name>Anson Mk.I N9589</name>
      <description><![CDATA[<a href="https://www.peakdistrictaircrashes.co.uk/crash_sites/scotland/avro-anson-n9589-cairnsmore-of-fleet/">More information</a>]]></description>
      <Point>
        <coordinates>-4.330000000000026,54.97299999999999,0</coordinates>
      </Point>
    </Placemark>
    <Placemark>
      <name>UC-78A 42-58513</name>
      <description><![CDATA[<a href="https://www.peakdistrictaircrashes.co.uk/crash_sites/scotland/cessna-uc-78a-42-58513-craigton-hill/">More information</a>]]></description>
      <Point>
        <coordinates>-4.393000000000017,55.96,0</coordinates>
      </Point>
    </Placemark>
    <Placemark>
      <name>Halifax Mk.II JP190</name>
      <description><![CDATA[<a href="https://www.peakdistrictaircrashes.co.uk/crash_sites/scotland/handley-halifax-jp190-muckle-knowe/">More information</a>]]></description>
      <Point>
        <coordinates>-3.0760000000000254,55.359,0</coordinates>
      </Point>
    </Placemark>
    <Placemark>
      <name>Typhoon Mk.IB JR439</name>
      <description><![CDATA[<a href="https://www.peakdistrictaircrashes.co.uk/crash_sites/scotland/hawker-typhoon-jr439-dunharberry/">More information</a>]]></description>
      <Point>
        <coordinates>-4.215999999999974,54.977,0</coordinates>
      </Point>
    </Placemark>
    <Placemark>
      <name>Hurricane Mk.IV LD594</name>
      <description><![CDATA[<a href="https://www.peakdistrictaircrashes.co.uk/crash_sites/scotland/hawker-hurricane-ld594-loch-doon/">More information</a>]]></description>
      <Point>
        <coordinates>-4.374000000000022,55.199999999999996,0</coordinates>
      </Point>
    </Placemark>
    <Placemark>
      <name>Anson Mk.I EG485</name>
      <description><![CDATA[<a href="https://www.peakdistrictaircrashes.co.uk/crash_sites/scotland/avro-anson-eg485-cairnsmore-of-fleet/">More information</a>]]></description>
      <Point>
        <coordinates>-4.347999999999974,54.975,0</coordinates>
      </Point>
    </Placemark>
    <Placemark>
      <name>Hurricane Mk.IIC LF207</name>
      <description><![CDATA[<a href="https://www.peakdistrictaircrashes.co.uk/crash_sites/scotland/hawker-hurricane-lf207-kilchoan/">More information</a>]]></description>
      <Point>
        <coordinates>-6.142000000000058,56.696999999999996,0</coordinates>
      </Point>
    </Placemark>
    <Placemark>
      <name>Hurricane Mk.IIC LF160</name>
      <description><![CDATA[<a href="https://www.peakdistrictaircrashes.co.uk/crash_sites/scotland/hawker-hurricane-lf160-isle-of-coll/">More information</a>]]></description>
      <Point>
        <coordinates>-6.558000000000023,56.598,0</coordinates>
      </Point>
    </Placemark>
    <Placemark>
      <name>Mosquito N.F. Mk.II DD795</name>
      <description><![CDATA[<a href="https://www.peakdistrictaircrashes.co.uk/crash_sites/scotland/de-havilland-mosquito-dd795-corserine/">More information</a>]]></description>
      <Point>
        <coordinates>-4.349000000000006,55.155,0</coordinates>
      </Point>
    </Placemark>
    <Placemark>
      <name>Beaufighter T.F. Mk.X NE309</name>
      <description><![CDATA[<a href="https://www.peakdistrictaircrashes.co.uk/crash_sites/scotland/bristol-beaufighter-ne309-sunderland-hill/">More information</a>]]></description>
      <Point>
        <coordinates>-6.3870000000002225,55.788999999999994,0</coordinates>
      </Point>
    </Placemark>
    <Placemark>
      <name>Mosquito P.R. Mk.IX MM244</name>
      <description><![CDATA[<a href="https://www.peakdistrictaircrashes.co.uk/crash_sites/scotland/de-havilland-mosquito-mm244-loch-ness/">More information</a>]]></description>
      <Point>
        <coordinates>-4.411999999999985,57.36,0</coordinates>
      </Point>
    </Placemark>
    <Placemark>
      <name>Beaufighter T.F. Mk.X LZ455</name>
      <description><![CDATA[<a href="https://www.peakdistrictaircrashes.co.uk/crash_sites/scotland/bristol-beaufighter-lz455-beinn-breach/">More information</a>]]></description>
      <Point>
        <coordinates>-5.75999999999983,55.314,0</coordinates>
      </Point>
    </Placemark>
    <Placemark>
      <name>C-60A 42-56014</name>
      <description><![CDATA[<a href="https://www.peakdistrictaircrashes.co.uk/crash_sites/scotland/lockheed-c-60a-42-56014-beinn-nuis/">More information</a>]]></description>
      <Point>
        <coordinates>-5.248999999999982,55.611,0</coordinates>
      </Point>
    </Placemark>
    <Placemark>
      <name>Beaufighter T.F. Mk.X LX946</name>
      <description><![CDATA[<a href="https://www.peakdistrictaircrashes.co.uk/crash_sites/scotland/bristol-beaufighter-lx946-maol-mheadhion/">More information</a>]]></description>
      <Point>
        <coordinates>-6.155999999999871,55.690999999999995,0</coordinates>
      </Point>
    </Placemark>
    <Placemark>
      <name>Anson Mk.I N5032</name>
      <description><![CDATA[<a href="https://www.peakdistrictaircrashes.co.uk/crash_sites/scotland/avro-anson-n5032-craigencallie/">More information</a>]]></description>
      <Point>
        <coordinates>-4.3729999999999976,55.048,0</coordinates>
      </Point>
    </Placemark>
    <Placemark>
      <name>B-24D 42-41030</name>
      <description><![CDATA[<a href="https://www.peakdistrictaircrashes.co.uk/crash_sites/scotland/consolidated-b-24d-42-41030-beinn-nuis/">More information</a>]]></description>
      <Point>
        <coordinates>-5.247000000000024,55.608,0</coordinates>
      </Point>
    </Placemark>
    <Placemark>
      <name>Chesapeake Mk.I AL941</name>
      <description><![CDATA[<a href="https://www.peakdistrictaircrashes.co.uk/crash_sites/scotland/vought-chesapeake-al941-gleann-diomhan/">More information</a>]]></description>
      <Point>
        <coordinates>-5.283999999999982,55.655,0</coordinates>
      </Point>
    </Placemark>
    <Placemark>
      <name>Whitley Mk.V LA877</name>
      <description><![CDATA[<a href="https://www.peakdistrictaircrashes.co.uk/crash_sites/scotland/armstrong-whitworth-whitley-la877-meallan-odhar/">More information</a>]]></description>
      <Point>
        <coordinates>-4.419999999999993,56.893,0</coordinates>
      </Point>
    </Placemark>
    <Placemark>
      <name>B-26C 41-34707</name>
      <description><![CDATA[<a href="https://www.peakdistrictaircrashes.co.uk/crash_sites/scotland/martin-b-26c-41-34707-beinn-na-feusaige/">More information</a>]]></description>
      <Point>
        <coordinates>-5.198000000000011,57.53699999999999,0</coordinates>
      </Point>
    </Placemark>
    <Placemark>
      <name>Whitley Mk.V BD295</name>
      <description><![CDATA[<a href="https://www.peakdistrictaircrashes.co.uk/crash_sites/scotland/armstrong-whitworth-whitley-bd295-cawdor-moor/">More information</a>]]></description>
      <Point>
        <coordinates>-3.982999999999983,57.442,0</coordinates>
      </Point>
    </Placemark>
    <Placemark>
      <name>Mosquito Mk.IV DZ486</name>
      <description><![CDATA[<a href="https://www.peakdistrictaircrashes.co.uk/crash_sites/scotland/de-havilland-mosquito-dz486-cranstakie/">More information</a>]]></description>
      <Point>
        <coordinates>-4.830000000000014,58.461,0</coordinates>
      </Point>
    </Placemark>
    <Placemark>
      <name>Ju88A-14 144357 / 3E+HM</name>
      <description><![CDATA[<a href="https://www.peakdistrictaircrashes.co.uk/crash_sites/scotland/junkers-ju88-3ehm-hare-hill/">More information</a>]]></description>
      <Point>
        <coordinates>-3.3269999999999804,55.845,0</coordinates>
      </Point>
    </Placemark>
    <Placemark>
      <name>Sunderland Mk.III DV979</name>
      <description><![CDATA[<a href="https://www.peakdistrictaircrashes.co.uk/crash_sites/scotland/short-sunderland-dv979-black-rock/">More information</a>]]></description>
      <Point>
        <coordinates>-6.304000000000022,55.785,0</coordinates>
      </Point>
    </Placemark>
    <Placemark>
      <name>Wellington Mk.IC L7867</name>
      <description><![CDATA[<a href="https://www.peakdistrictaircrashes.co.uk/crash_sites/scotland/vickers-wellington-l7867-geal-charn/">More information</a>]]></description>
      <Point>
        <coordinates>-4.49199999999999,56.829,0</coordinates>
      </Point>
    </Placemark>
    <Placemark>
      <name>Anson Mk.I DG787</name>
      <description><![CDATA[<a href="https://www.peakdistrictaircrashes.co.uk/crash_sites/scotland/avro-anson-dg787-corserine/">More information</a>]]></description>
      <Point>
        <coordinates>-4.360000000000011,55.156,0</coordinates>
      </Point>
    </Placemark>
    <Placemark>
      <name>Liberator Mk.II AL624</name>
      <description><![CDATA[<a href="https://www.peakdistrictaircrashes.co.uk/crash_sites/scotland/consolidated-liberator-al624-drigmorn-hill/">More information</a>]]></description>
      <Point>
        <coordinates>-4.395999999999977,55.044,0</coordinates>
      </Point>
    </Placemark>
    <Placemark>
      <name>Beaufort Mk.I N1180</name>
      <description><![CDATA[<a href="https://www.peakdistrictaircrashes.co.uk/crash_sites/scotland/bristol-beaufort-n1180-tor-mhor/">More information</a>]]></description>
      <Point>
        <coordinates>-5.785999999999909,55.306999999999995,0</coordinates>
      </Point>
    </Placemark>
    <Placemark>
      <name>Beaufort Mk.I L4479</name>
      <description><![CDATA[<a href="https://www.peakdistrictaircrashes.co.uk/crash_sites/scotland/bristol-beaufort-l4479-goat-fell/">More information</a>]]></description>
      <Point>
        <coordinates>-5.200000000000013,55.61899999999999,0</coordinates>
      </Point>
    </Placemark>
    <Placemark>
      <name>Anson Mk.I DJ106</name>
      <description><![CDATA[<a href="https://www.peakdistrictaircrashes.co.uk/crash_sites/scotland/avro-anson-dj106-ben-macdui/">More information</a>]]></description>
      <Point>
        <coordinates>-3.6739999999999844,57.073,0</coordinates>
      </Point>
    </Placemark>
    <Placemark>
      <name>Albacore Mk.I BF592</name>
      <description><![CDATA[<a href="https://www.peakdistrictaircrashes.co.uk/crash_sites/scotland/fairey-albacore-bf592-mel-fea/">More information</a>]]></description>
      <Point>
        <coordinates>-3.370999999999976,58.85999999999999,0</coordinates>
      </Point>
    </Placemark>
    <Placemark>
      <name>Anson Mk.I W2630</name>
      <description><![CDATA[<a href="https://www.peakdistrictaircrashes.co.uk/crash_sites/scotland/avro-anson-w2630-cairnsmore-of-fleet/">More information</a>]]></description>
      <Point>
        <coordinates>-4.328999999999992,54.974000000000004,0</coordinates>
      </Point>
    </Placemark>
    <Placemark>
      <name>Oxford Mk.I L4597</name>
      <description><![CDATA[<a href="https://www.peakdistrictaircrashes.co.uk/crash_sites/scotland/airspeed-oxford-l4597-rannoch-moor/">More information</a>]]></description>
      <Point>
        <coordinates>-4.630000000000003,56.654999999999994,0</coordinates>
      </Point>
    </Placemark>
    <Placemark>
      <name>Wellington Mk.IC T2707</name>
      <description><![CDATA[<a href="https://www.peakdistrictaircrashes.co.uk/crash_sites/scotland/vickers-wellington-t2707-glen-affric/">More information</a>]]></description>
      <Point>
        <coordinates>-5.189000000000019,57.224,0</coordinates>
      </Point>
    </Placemark>
    <Placemark>
      <name>Whitley Mk.V N1498</name>
      <description><![CDATA[<a href="https://www.peakdistrictaircrashes.co.uk/crash_sites/scotland/armstrong-whitworth-whitley-n1498-carn-a-choire-mhoir/">More information</a>]]></description>
      <Point>
        <coordinates>-3.9219999999999864,57.337,0</coordinates>
      </Point>
    </Placemark>
    <Placemark>
      <name>Blenheim Mk.IV L9261</name>
      <description><![CDATA[<a href="https://www.peakdistrictaircrashes.co.uk/crash_sites/scotland/bristol-blenheim-l9261-sandness-hill/">More information</a>]]></description>
      <Point>
        <coordinates>-1.6650000000000127,60.28999999999999,0</coordinates>
      </Point>
    </Placemark>
    <Placemark>
      <name>Liberator Mk.I AM915</name>
      <description><![CDATA[<a href="https://www.peakdistrictaircrashes.co.uk/crash_sites/scotland/consolidated-liberator-am915-arinarach-hill/">More information</a>]]></description>
      <Point>
        <coordinates>-5.573999999999864,55.38399999999999,0</coordinates>
      </Point>
    </Placemark>
    <Placemark>
      <name>S.23/M AX659</name>
      <description><![CDATA[<a href="https://www.peakdistrictaircrashes.co.uk/crash_sites/scotland/short-s-23m-ax659-bruichladdich/">More information</a>]]></description>
      <Point>
        <coordinates>-6.352000000000239,55.784,0</coordinates>
      </Point>
    </Placemark>
    <Placemark>
      <name>LB-30A Liberator AM261</name>
      <description><![CDATA[<a href="https://www.peakdistrictaircrashes.co.uk/crash_sites/scotland/consolidated-lb-30a-am261-mullach-buidhe/">More information</a>]]></description>
      <Point>
        <coordinates>-5.190000000000018,55.635,0</coordinates>
      </Point>
    </Placemark>
    <Placemark>
      <name>Wellington Mk.IC R1093</name>
      <description><![CDATA[<a href="https://www.peakdistrictaircrashes.co.uk/crash_sites/scotland/vickers-wellington-r1093-carn-garbh/">More information</a>]]></description>
      <Point>
        <coordinates>-3.886000000000014,58.1,0</coordinates>
      </Point>
    </Placemark>
    <Placemark>
      <name>Hudson Mk.V AE640</name>
      <description><![CDATA[<a href="https://www.peakdistrictaircrashes.co.uk/crash_sites/scotland/lockheed-hudson-ae640-feorlan/">More information</a>]]></description>
      <Point>
        <coordinates>-5.721000000000157,55.300999999999995,0</coordinates>
      </Point>
    </Placemark>
    <Placemark>
      <name>Hurricane Mk.I W9112</name>
      <description><![CDATA[<a href="https://www.peakdistrictaircrashes.co.uk/crash_sites/scotland/hawker-hurricane-w9112-lowther-hill/">More information</a>]]></description>
      <Point>
        <coordinates>-3.7569999999999744,55.379999999999995,0</coordinates>
      </Point>
    </Placemark>
    <Placemark>
      <name>Catalina Mk.I AH533</name>
      <description><![CDATA[<a href="https://www.peakdistrictaircrashes.co.uk/crash_sites/scotland/consolidated-catalina-ah533-cruach-na-seilcheigh/">More information</a>]]></description>
      <Point>
        <coordinates>-5.7230000000001535,56.122,0</coordinates>
      </Point>
    </Placemark>
    <Placemark>
      <name>Ju88A-5 0662/M2+CK</name>
      <description><![CDATA[<a href="https://www.peakdistrictaircrashes.co.uk/crash_sites/scotland/junkers-ju88a-m2ck-lennoxtown/">More information</a>]]></description>
      <Point>
        <coordinates>-4.235000000000022,55.964,0</coordinates>
      </Point>
    </Placemark>
    <Placemark>
      <name>Whitley Mk.V P5070</name>
      <description><![CDATA[<a href="https://www.peakdistrictaircrashes.co.uk/crash_sites/scotland/armstrong-whitworth-whitley-p5070-east-scaraben/">More information</a>]]></description>
      <Point>
        <coordinates>-3.5649999999999884,58.226,0</coordinates>
      </Point>
    </Placemark>
    <Placemark>
      <name>Hudson Mk.I T9292</name>
      <description><![CDATA[<a href="https://www.peakdistrictaircrashes.co.uk/crash_sites/scotland/lockheed-hudson-t9292-brora/">More information</a>]]></description>
      <Point>
        <coordinates>-3.879999999999989,58.032,0</coordinates>
      </Point>
    </Placemark>
    <Placemark>
      <name>Hudson Mk.III T9432</name>
      <description><![CDATA[<a href="https://www.peakdistrictaircrashes.co.uk/crash_sites/scotland/lockheed-hudson-t9432-ben-lui/">More information</a>]]></description>
      <Point>
        <coordinates>-4.803999999999983,56.395,0</coordinates>
      </Point>
    </Placemark>
    <Placemark>
      <name>Anson Mk.I N9857</name>
      <description><![CDATA[<a href="https://www.peakdistrictaircrashes.co.uk/crash_sites/scotland/avro-anson-n9857-ben-more-assynt/">More information</a>]]></description>
      <Point>
        <coordinates>-4.901999999999993,58.165,0</coordinates>
      </Point>
    </Placemark>
    <Placemark>
      <name>Hudson Mk.I N7310</name>
      <description><![CDATA[<a href="https://www.peakdistrictaircrashes.co.uk/crash_sites/scotland/lockheed-hudson-n7310-withi-gill/">More information</a>]]></description>
      <Point>
        <coordinates>-3.297999999999982,58.846999999999994,0</coordinates>
      </Point>
    </Placemark>
    <Placemark>
      <name>Hudson Mk.I N7235</name>
      <description><![CDATA[<a href="https://www.peakdistrictaircrashes.co.uk/crash_sites/scotland/lockheed-hudson-n7235-loch-bradan/">More information</a>]]></description>
      <Point>
        <coordinates>-4.442999999999995,55.236999999999995,0</coordinates>
      </Point>
    </Placemark>
    <Placemark>
      <name>Whitley Mk.V P4996</name>
      <description><![CDATA[<a href="https://www.peakdistrictaircrashes.co.uk/crash_sites/scotland/armstrong-whitworth-whitley-p4996-glen-carron/">More information</a>]]></description>
      <Point>
        <coordinates>-5.198000000000017,57.487,0</coordinates>
      </Point>
    </Placemark>
    <Placemark>
      <name>Whitley Mk.V P5041</name>
      <description><![CDATA[<a href="https://www.peakdistrictaircrashes.co.uk/crash_sites/scotland/armstrong-whitworth-whitley-p5041-balmavicar/">More information</a>]]></description>
      <Point>
        <coordinates>-5.785999999999891,55.31999999999999,0</coordinates>
      </Point>
    </Placemark>
    <Placemark>
      <name>Whitley Mk.V P5009</name>
      <description><![CDATA[<a href="https://www.peakdistrictaircrashes.co.uk/crash_sites/scotland/armstrong-whitworth-whitley-p5009-loch-enoch/">More information</a>]]></description>
      <Point>
        <coordinates>-4.442000000000007,55.133,0</coordinates>
      </Point>
    </Placemark>
    <Placemark>
      <name>Whitley Mk.V P5090</name>
      <description><![CDATA[<a href="https://www.peakdistrictaircrashes.co.uk/crash_sites/scotland/armstrong-whitworth-whitley-p5090-fathen-glinne/">More information</a>]]></description>
      <Point>
        <coordinates>-4.465999999999989,56.323,0</coordinates>
      </Point>
    </Placemark>
    <Placemark>
      <name>Master Mk.I N7500</name>
      <description><![CDATA[<a href="https://www.peakdistrictaircrashes.co.uk/crash_sites/scotland/miles-master-n7500-dalmellington/">More information</a>]]></description>
      <Point>
        <coordinates>-4.398999999999977,55.359,0</coordinates>
      </Point>
    </Placemark>
    <Placemark>
      <name>He111H-4 5J+SH</name>
      <description><![CDATA[<a href="https://www.peakdistrictaircrashes.co.uk/crash_sites/scotland/heinkel-he111-5jsh-cairnsmore-of-fleet/">More information</a>]]></description>
      <Point>
        <coordinates>-4.350000000000014,54.978,0</coordinates>
      </Point>
    </Placemark>
    <Placemark>
      <name>Blenheim Mk.IV P4848</name>
      <description><![CDATA[<a href="https://www.peakdistrictaircrashes.co.uk/crash_sites/scotland/bristol-blenheim-p4848-ben-inner/">More information</a>]]></description>
      <Point>
        <coordinates>-4.180000000000002,55.242999999999995,0</coordinates>
      </Point>
    </Placemark>
    <Placemark>
      <name>Ju88A-1 4D+EK</name>
      <description><![CDATA[<a href="https://www.peakdistrictaircrashes.co.uk/crash_sites/scotland/junkers-ju88-4dek-isle-of-hoy/">More information</a>]]></description>
      <Point>
        <coordinates>-3.2210000000000094,58.861,0</coordinates>
      </Point>
    </Placemark>
    <Placemark>
      <name>Anson Mk.I L9153</name>
      <description><![CDATA[<a href="https://www.peakdistrictaircrashes.co.uk/crash_sites/scotland/avro-anson-l9153-corserine/">More information</a>]]></description>
      <Point>
        <coordinates>-4.374999999999975,55.15,0</coordinates>
      </Point>
    </Placemark>
    <Placemark>
      <name>Anson Mk.I L7949</name>
      <description><![CDATA[<a href="https://www.peakdistrictaircrashes.co.uk/crash_sites/scotland/avro-anson-l7949-lairdside-hill/">More information</a>]]></description>
      <Point>
        <coordinates>-4.685999999999989,55.809,0</coordinates>
      </Point>
    </Placemark>
    <Placemark>
      <name>Dragonfly G-AEHC</name>
      <description><![CDATA[<a href="https://www.peakdistrictaircrashes.co.uk/crash_sites/scotland/de-havilland-dragonfly-g-aehc-darnaw/">More information</a>]]></description>
      <Point>
        <coordinates>-4.32499999999998,55.062,0</coordinates>
      </Point>
    </Placemark>
    <Placemark>
      <name>Oxford Mk.II X7064</name>
      <description><![CDATA[<a href="https://www.peakdistrictaircrashes.co.uk/crash_sites/wales/airspeed-oxford-x7064-moel-y-gamelin/">More information</a>]]></description>
      <Point>
        <coordinates>-3.230999999999991,53.01,0</coordinates>
      </Point>
    </Placemark>
    <Placemark>
      <name>Jodel DR250 G-AVIV</name>
      <description><![CDATA[<a href="https://www.peakdistrictaircrashes.co.uk/crash_sites/wales/jodel-dr250-g-aviv-carnedd-dafydd/">More information</a>]]></description>
      <Point>
        <coordinates>-3.997999999999977,53.147999999999996,0</coordinates>
      </Point>
    </Placemark>
    <Placemark>
      <name>Cessna 337 G-ATNY</name>
      <description><![CDATA[<a href="https://www.peakdistrictaircrashes.co.uk/crash_sites/wales/cessna-337-g-atny-moel-siabod/">More information</a>]]></description>
      <Point>
        <coordinates>-3.9289999999999856,53.07599999999999,0</coordinates>
      </Point>
    </Placemark>
    <Placemark>
      <name>Mosquito F.B. Mk.VI HX862</name>
      <description><![CDATA[<a href="https://www.peakdistrictaircrashes.co.uk/crash_sites/wales/de-havilland-mosquito-hx862-drum/">More information</a>]]></description>
      <Point>
        <coordinates>-3.9260000000000073,53.20399999999999,0</coordinates>
      </Point>
    </Placemark>
    <Placemark>
      <name>Hurricane Mk.I P3385</name>
      <description><![CDATA[<a href="https://www.peakdistrictaircrashes.co.uk/crash_sites/wales/hawker-hurricane-p3385-allt-y-ceffylau/">More information</a>]]></description>
      <Point>
        <coordinates>-3.9749999999999868,53.005,0</coordinates>
      </Point>
    </Placemark>
    <Placemark>
      <name>Anson Mk.I AX583</name>
      <description><![CDATA[<a href="https://www.peakdistrictaircrashes.co.uk/crash_sites/wales/avro-anson-ax583-drum/">More information</a>]]></description>
      <Point>
        <coordinates>-3.921999999999988,53.208999999999996,0</coordinates>
      </Point>
    </Placemark>
    <Placemark>
      <name>Vulcan B. Mk.2 XH536</name>
      <description><![CDATA[<a href="https://www.peakdistrictaircrashes.co.uk/crash_sites/wales/avro-vulcan-xh536-fan-bwlch-chwyth/">More information</a>]]></description>
      <Point>
        <coordinates>-3.583000000000016,51.879999999999995,0</coordinates>
      </Point>
    </Placemark>
    <Placemark>
      <name>Anson Mk.21 VV955</name>
      <description><![CDATA[<a href="https://www.peakdistrictaircrashes.co.uk/crash_sites/wales/avro-anson-vv955-foel-lwyd/">More information</a>]]></description>
      <Point>
        <coordinates>-3.9129999999999896,53.23,0</coordinates>
      </Point>
    </Placemark>
    <Placemark>
      <name>Canberra B. Mk.2 WK129</name>
      <description><![CDATA[<a href="https://www.peakdistrictaircrashes.co.uk/crash_sites/wales/english-electric-canberra-wk129-carnedd-llewelyn/">More information</a>]]></description>
      <Point>
        <coordinates>-3.9640000000000066,53.16199999999999,0</coordinates>
      </Point>
    </Placemark>
    <Placemark>
      <name>Auster A.O.P. Mk.6 VF554</name>
      <description><![CDATA[<a href="https://www.peakdistrictaircrashes.co.uk/crash_sites/wales/auster-vf554-aber-falls/">More information</a>]]></description>
      <Point>
        <coordinates>-3.984000000000011,53.202999999999996,0</coordinates>
      </Point>
    </Placemark>
    <Placemark>
      <name>Vampire F.B. Mk.5 VV601</name>
      <description><![CDATA[<a href="https://www.peakdistrictaircrashes.co.uk/crash_sites/wales/de-havilland-vampire-vv601-llyn-eigiau/">More information</a>]]></description>
      <Point>
        <coordinates>-3.9030000000000262,53.164,0</coordinates>
      </Point>
    </Placemark>
    <Placemark>
      <name>Dakota EI-AFL</name>
      <description><![CDATA[<a href="https://www.peakdistrictaircrashes.co.uk/crash_sites/wales/douglas-dakota-ei-afl-cwm-edno/">More information</a>]]></description>
      <Point>
        <coordinates>-3.9859999999999967,53.049,0</coordinates>
      </Point>
    </Placemark>
    <Placemark>
      <name>Lincoln B. Mk.2 RF511</name>
      <description><![CDATA[<a href="https://www.peakdistrictaircrashes.co.uk/crash_sites/wales/avro-lincoln-rf511-carnedd-llewelyn/">More information</a>]]></description>
      <Point>
        <coordinates>-3.9740000000000113,53.153999999999996,0</coordinates>
      </Point>
    </Placemark>
    <Placemark>
      <name>Mosquito T. Mk.III TV982</name>
      <description><![CDATA[<a href="https://www.peakdistrictaircrashes.co.uk/crash_sites/wales/de-havilland-mosquito-tv982-cwm-llan/">More information</a>]]></description>
      <Point>
        <coordinates>-4.0749999999999975,53.05499999999999,0</coordinates>
      </Point>
    </Placemark>
    <Placemark>
      <name>Halifax C. Mk.8 G-AIHU</name>
      <description><![CDATA[<a href="https://www.peakdistrictaircrashes.co.uk/crash_sites/wales/handley-page-halifax-g-aihu-cwm-mountain/">More information</a>]]></description>
      <Point>
        <coordinates>-3.3920000000000026,53.279,0</coordinates>
      </Point>
    </Placemark>
    <Placemark>
      <name>Oxford Mk.I PH242</name>
      <description><![CDATA[<a href="https://www.peakdistrictaircrashes.co.uk/crash_sites/wales/airspeed-oxford-ph242-hay-bluff/">More information</a>]]></description>
      <Point>
        <coordinates>-3.088,52.016,0</coordinates>
      </Point>
    </Placemark>
    <Placemark>
      <name>Martinet T.T. Mk.I HN888</name>
      <description><![CDATA[<a href="https://www.peakdistrictaircrashes.co.uk/crash_sites/wales/miles-martinet-hn888-great-rhos/">More information</a>]]></description>
      <Point>
        <coordinates>-3.2059999999999818,52.274,0</coordinates>
      </Point>
    </Placemark>
    <Placemark>
      <name>B-17G 44-8639</name>
      <description><![CDATA[<a href="https://www.peakdistrictaircrashes.co.uk/crash_sites/wales/boeing-b-17g-44-8639-craig-cwm-llwyd/">More information</a>]]></description>
      <Point>
        <coordinates>-4.0069999999999935,52.690999999999995,0</coordinates>
      </Point>
    </Placemark>
    <Placemark>
      <name>Lancaster Mk.III NE132</name>
      <description><![CDATA[<a href="https://www.peakdistrictaircrashes.co.uk/crash_sites/wales/avro-lancaster-ne132-foel-ddu/">More information</a>]]></description>
      <Point>
        <coordinates>-4.0249999999999995,52.840999999999994,0</coordinates>
      </Point>
    </Placemark>
    <Placemark>
      <name>B-26G 44-68072</name>
      <description><![CDATA[<a href="https://www.peakdistrictaircrashes.co.uk/crash_sites/wales/martin-b-26g-44-68072-y-garn/">More information</a>]]></description>
      <Point>
        <coordinates>-4.05100000000002,53.117999999999995,0</coordinates>
      </Point>
    </Placemark>
    <Placemark>
      <name>Oxford Mk.I LB537</name>
      <description><![CDATA[<a href="https://www.peakdistrictaircrashes.co.uk/crash_sites/wales/airspeed-oxford-lb537-cornel-min/">More information</a>]]></description>
      <Point>
        <coordinates>-3.874999999999985,53.121,0</coordinates>
      </Point>
    </Placemark>
    <Placemark>
      <name>C-47B 43-48473</name>
      <description><![CDATA[<a href="https://www.peakdistrictaircrashes.co.uk/crash_sites/wales/douglas-c-47b-43-48473-craig-y-dulyn/">More information</a>]]></description>
      <Point>
        <coordinates>-3.9500000000000215,53.181,0</coordinates>
      </Point>
    </Placemark>
    <Placemark>
      <name>Anson Mk.I MG804</name>
      <description><![CDATA[<a href="https://www.peakdistrictaircrashes.co.uk/crash_sites/wales/avro-anson-mg804-foel-fras/">More information</a>]]></description>
      <Point>
        <coordinates>-3.9529999999999803,53.189,0</coordinates>
      </Point>
    </Placemark>
    <Placemark>
      <name>P-47C 41-6195</name>
      <description><![CDATA[<a href="https://www.peakdistrictaircrashes.co.uk/crash_sites/wales/republic-p-47c-41-6195-aled-isfa/">More information</a>]]></description>
      <Point>
        <coordinates>-3.621000000000021,53.12,0</coordinates>
      </Point>
    </Placemark>
    <Placemark>
      <name>Anson Mk.I LT116</name>
      <description><![CDATA[<a href="https://www.peakdistrictaircrashes.co.uk/crash_sites/wales/avro-anson-lt116-mynedd-perfedd/">More information</a>]]></description>
      <Point>
        <coordinates>-4.055000000000022,53.138999999999996,0</coordinates>
      </Point>
    </Placemark>
    <Placemark>
      <name>P-38J 42-67859</name>
      <description><![CDATA[<a href="https://www.peakdistrictaircrashes.co.uk/crash_sites/wales/lockheed-p-38j-42-67859-olchon-valley/">More information</a>]]></description>
      <Point>
        <coordinates>-3.0630000000000104,51.98499999999999,0</coordinates>
      </Point>
    </Placemark>
    <Placemark>
      <name>P-47D 42-75101</name>
      <description><![CDATA[<a href="https://www.peakdistrictaircrashes.co.uk/crash_sites/wales/republic-p-47d-42-75101-mynydd-copog/">More information</a>]]></description>
      <Point>
        <coordinates>-3.654000000000023,52.714999999999996,0</coordinates>
      </Point>
    </Placemark>
    <Placemark>
      <name>Anson Mk.I LT433</name>
      <description><![CDATA[<a href="https://www.peakdistrictaircrashes.co.uk/crash_sites/wales/avro-anson-lt433-llyn-cowlyd/">More information</a>]]></description>
      <Point>
        <coordinates>-3.904000000000006,53.153999999999996,0</coordinates>
      </Point>
    </Placemark>
    <Placemark>
      <name>Avenger Mk.I FN821</name>
      <description><![CDATA[<a href="https://www.peakdistrictaircrashes.co.uk/crash_sites/wales/grumman-avenger-fn821-trum-y-fawnog/">More information</a>]]></description>
      <Point>
        <coordinates>-3.4659999999999953,52.81999999999999,0</coordinates>
      </Point>
    </Placemark>
    <Placemark>
      <name>B-24J 42-99991</name>
      <description><![CDATA[<a href="https://www.peakdistrictaircrashes.co.uk/crash_sites/wales/consolidated-b-24j-42-99991-moelfre/">More information</a>]]></description>
      <Point>
        <coordinates>-3.9259999999999806,53.251,0</coordinates>
      </Point>
    </Placemark>
    <Placemark>
      <name>Anson Mk.I EF909</name>
      <description><![CDATA[<a href="https://www.peakdistrictaircrashes.co.uk/crash_sites/wales/avro-anson-ef909-foel-grach/">More information</a>]]></description>
      <Point>
        <coordinates>-3.959999999999983,53.18,0</coordinates>
      </Point>
    </Placemark>
    <Placemark>
      <name>Anson Mk.I N9855</name>
      <description><![CDATA[<a href="https://www.peakdistrictaircrashes.co.uk/crash_sites/wales/avro-anson-n9855-pen-yr-ole-wen/">More information</a>]]></description>
      <Point>
        <coordinates>-4.005000000000008,53.13999999999999,0</coordinates>
      </Point>
    </Placemark>
    <Placemark>
      <name>Beaufighter T.F. Mk.X NE203</name>
      <description><![CDATA[<a href="https://www.peakdistrictaircrashes.co.uk/crash_sites/wales/bristol-beaufighter-ne203-worlds-end/">More information</a>]]></description>
      <Point>
        <coordinates>-3.1360000000000174,53.026,0</coordinates>
      </Point>
    </Placemark>
    <Placemark>
      <name>Anson Mk.I LT184</name>
      <description><![CDATA[<a href="https://www.peakdistrictaircrashes.co.uk/crash_sites/wales/avro-anson-lt184-mynedd-perfedd/">More information</a>]]></description>
      <Point>
        <coordinates>-4.0560000000000205,53.138999999999996,0</coordinates>
      </Point>
    </Placemark>
    <Placemark>
      <name>Botha Mk.I L6202</name>
      <description><![CDATA[<a href="https://www.peakdistrictaircrashes.co.uk/crash_sites/wales/blackburn-botha-l6202-llwytmor/">More information</a>]]></description>
      <Point>
        <coordinates>-3.9720000000000253,53.20399999999999,0</coordinates>
      </Point>
    </Placemark>
    <Placemark>
      <name>Anson Mk.I N5371</name>
      <description><![CDATA[<a href="https://www.peakdistrictaircrashes.co.uk/crash_sites/wales/avro-anson-n5371-foel-fras/">More information</a>]]></description>
      <Point>
        <coordinates>-3.9490000000000087,53.190999999999995,0</coordinates>
      </Point>
    </Placemark>
    <Placemark>
      <name>Ventura Mk.I AE688</name>
      <description><![CDATA[<a href="https://www.peakdistrictaircrashes.co.uk/crash_sites/wales/lockheed-ventura-ae688-carnedd-dafydd/">More information</a>]]></description>
      <Point>
        <coordinates>-4.006000000000008,53.143,0</coordinates>
      </Point>
    </Placemark>
    <Placemark>
      <name>P-47D 42-7897</name>
      <description><![CDATA[<a href="https://www.peakdistrictaircrashes.co.uk/crash_sites/wales/republic-p-47d-42-7897-ffrith-dreborth/">More information</a>]]></description>
      <Point>
        <coordinates>-3.266000000000011,52.958999999999996,0</coordinates>
      </Point>
    </Placemark>
    <Placemark>
      <name>Blenheim Mk.IV V6099</name>
      <description><![CDATA[<a href="https://www.peakdistrictaircrashes.co.uk/crash_sites/wales/bristol-blenheim-v6099-elidir-fawr/">More information</a>]]></description>
      <Point>
        <coordinates>-4.078999999999988,53.133,0</coordinates>
      </Point>
    </Placemark>
    <Placemark>
      <name>Wellington Mk.X HE466</name>
      <description><![CDATA[<a href="https://www.peakdistrictaircrashes.co.uk/crash_sites/wales/vickers-wellington-he466-foel-grach/">More information</a>]]></description>
      <Point>
        <coordinates>-3.959000000000005,53.178999999999995,0</coordinates>
      </Point>
    </Placemark>
    <Placemark>
      <name>Anson Mk.I EG110</name>
      <description><![CDATA[<a href="https://www.peakdistrictaircrashes.co.uk/crash_sites/wales/avro-anson-eg110-foel-grach/">More information</a>]]></description>
      <Point>
        <coordinates>-3.952000000000008,53.169,0</coordinates>
      </Point>
    </Placemark>
    <Placemark>
      <name>Lysander Mk.III T1655</name>
      <description><![CDATA[<a href="https://www.peakdistrictaircrashes.co.uk/crash_sites/wales/westland-lysander-t1655-cadair-bronwen/">More information</a>]]></description>
      <Point>
        <coordinates>-3.3719999999999906,52.895999999999994,0</coordinates>
      </Point>
    </Placemark>
    <Placemark>
      <name>Spitfire Mk.IIA P7295</name>
      <description><![CDATA[<a href="https://www.peakdistrictaircrashes.co.uk/crash_sites/wales/supermarine-spitfire-p7295-cadair-berwyn/">More information</a>]]></description>
      <Point>
        <coordinates>-3.3749999999999964,52.891999999999996,0</coordinates>
      </Point>
    </Placemark>
    <Placemark>
      <name>Anson Mk.I N4981</name>
      <description><![CDATA[<a href="https://www.peakdistrictaircrashes.co.uk/crash_sites/wales/avro-anson-n4981-moel-eilio/">More information</a>]]></description>
      <Point>
        <coordinates>-4.165000000000002,53.089999999999996,0</coordinates>
      </Point>
    </Placemark>
    <Placemark>
      <name>Henley L3334</name>
      <description><![CDATA[<a href="https://www.peakdistrictaircrashes.co.uk/crash_sites/wales/hawker-henley-l3334-craig-cwm-silyn/">More information</a>]]></description>
      <Point>
        <coordinates>-4.211999999999998,53.028999999999996,0</coordinates>
      </Point>
    </Placemark>
    <Placemark>
      <name>Boston Mk.III Z2186</name>
      <description><![CDATA[<a href="https://www.peakdistrictaircrashes.co.uk/crash_sites/wales/douglas-boston-z2186-carnedd-dafydd/">More information</a>]]></description>
      <Point>
        <coordinates>-3.9949999999999783,53.147,0</coordinates>
      </Point>
    </Placemark>
    <Placemark>
      <name>P-38F 41-7677</name>
      <description><![CDATA[<a href="https://www.peakdistrictaircrashes.co.uk/crash_sites/wales/lockheed-p-38f-41-7677-harlech-beach/">More information</a>]]></description>
      <Point>
        <coordinates>-4.140000000000002,52.872,0</coordinates>
      </Point>
    </Placemark>
    <Placemark>
      <name>Whitley Mk.V BD232</name>
      <description><![CDATA[<a href="https://www.peakdistrictaircrashes.co.uk/crash_sites/wales/armstrong-whitworth-whitley-bd242-foel-fras/">More information</a>]]></description>
      <Point>
        <coordinates>-3.944000000000022,53.185,0</coordinates>
      </Point>
    </Placemark>
    <Placemark>
      <name>C-47A 41-7803</name>
      <description><![CDATA[<a href="https://www.peakdistrictaircrashes.co.uk/crash_sites/wales/douglas-c-47-41-7803-moel-y-gaer/">More information</a>]]></description>
      <Point>
        <coordinates>-3.2410000000000005,53.007999999999996,0</coordinates>
      </Point>
    </Placemark>
    <Placemark>
      <name>Botha Mk.I L6318</name>
      <description><![CDATA[<a href="https://www.peakdistrictaircrashes.co.uk/crash_sites/wales/blackburn-botha-l6318-tal-y-fan/">More information</a>]]></description>
      <Point>
        <coordinates>-3.886999999999977,53.24399999999999,0</coordinates>
      </Point>
    </Placemark>
    <Placemark>
      <name>B-17E 41-9098</name>
      <description><![CDATA[<a href="https://www.peakdistrictaircrashes.co.uk/crash_sites/wales/boeing-b-17e-41-9098-cadair-berwyn/">More information</a>]]></description>
      <Point>
        <coordinates>-3.3710000000000093,52.89,0</coordinates>
      </Point>
    </Placemark>
    <Placemark>
      <name>Wellington Mk.IC DV800</name>
      <description><![CDATA[<a href="https://www.peakdistrictaircrashes.co.uk/crash_sites/wales/vickers-wellington-dv800-black-ladders/">More information</a>]]></description>
      <Point>
        <coordinates>-3.98300000000001,53.152,0</coordinates>
      </Point>
    </Placemark>
    <Placemark>
      <name>Wellington Mk.IC HX433</name>
      <description><![CDATA[<a href="https://www.peakdistrictaircrashes.co.uk/crash_sites/wales/vickers-wellington-hx433-mynydd-moel/">More information</a>]]></description>
      <Point>
        <coordinates>-3.8839999999999892,52.707,0</coordinates>
      </Point>
    </Placemark>
    <Placemark>
      <name>Queen Bee V4793</name>
      <description><![CDATA[<a href="https://www.peakdistrictaircrashes.co.uk/crash_sites/wales/queen-bee-v4793-clogwyn-dur-arrddu-snowdon/">More information</a>]]></description>
      <Point>
        <coordinates>-4.0909999999999815,53.074999999999996,0</coordinates>
      </Point>
    </Placemark>
    <Placemark>
      <name>Spitfire Mk.I X4843</name>
      <description><![CDATA[<a href="https://www.peakdistrictaircrashes.co.uk/crash_sites/wales/supermarine-spitfire-x4843-yr-aran/">More information</a>]]></description>
      <Point>
        <coordinates>-4.0820000000000025,53.044,0</coordinates>
      </Point>
    </Placemark>
    <Placemark>
      <name>Heinkel He111 F/4801 1T+EL</name>
      <description><![CDATA[<a href="https://www.peakdistrictaircrashes.co.uk/crash_sites/wales/heinkel-he111-f4801-llwydmor/">More information</a>]]></description>
      <Point>
        <coordinates>-3.9700000000000264,53.208999999999996,0</coordinates>
      </Point>
    </Placemark>
    <Placemark>
      <name>Fulmar N4076</name>
      <description><![CDATA[<a href="https://www.peakdistrictaircrashes.co.uk/crash_sites/wales/fairey-fulmar-n4076-esclusham/">More information</a>]]></description>
      <Point>
        <coordinates>-3.098999999999986,53.052,0</coordinates>
      </Point>
    </Placemark>
    <Placemark>
      <name>Blenheim Mk.IV L9039</name>
      <description><![CDATA[<a href="https://www.peakdistrictaircrashes.co.uk/crash_sites/wales/bristol-blenheim-l9039-craig-yr-ysfa/">More information</a>]]></description>
      <Point>
        <coordinates>-3.9569999999999803,53.157,0</coordinates>
      </Point>
    </Placemark>
    <Placemark>
      <name>Blenheim Mk.IV L4873</name>
      <description><![CDATA[<a href="https://www.peakdistrictaircrashes.co.uk/crash_sites/wales/bristol-blenheim-l4873-foel-wen/">More information</a>]]></description>
      <Point>
        <coordinates>-3.3360000000000034,52.882,0</coordinates>
      </Point>
    </Placemark>
    <Placemark>
      <name>Cessna 172M G-BXLJ</name>
      <description><![CDATA[<a href="https://www.peakdistrictaircrashes.co.uk/crash_sites/wales/cessna-172m-g-bxlj-moel-sych/">More information</a>]]></description>
      <Point>
        <coordinates>-3.3820000000000237,52.879,0</coordinates>
      </Point>
    </Placemark>
    <Placemark>
      <name>Battle K7589</name>
      <description><![CDATA[<a href="https://www.peakdistrictaircrashes.co.uk/crash_sites/wales/fairey-battle-k7589-pumlumon-cwmbiga/">More information</a>]]></description>
      <Point>
        <coordinates>-3.7099999999999773,52.489999999999995,0</coordinates>
      </Point>
    </Placemark>
    <Placemark>
      <name>Hart K4931</name>
      <description><![CDATA[<a href="https://www.peakdistrictaircrashes.co.uk/crash_sites/wales/hawker-hart-k4931-esclusham-mountain/">More information</a>]]></description>
      <Point>
        <coordinates>-3.102000000000025,53.050999999999995,0</coordinates>
      </Point>
    </Placemark>
    <Placemark>
      <name>Jet Provost T. Mk.5 XW426</name>
      <description><![CDATA[<a href="https://www.peakdistrictaircrashes.co.uk/crash_sites/north-yorkshire-moors/hunting-jet-provost-xw426-high-dalby/">More information</a>]]></description>
      <Point>
        <coordinates>-0.6879999999999804,54.287,0</coordinates>
      </Point>
    </Placemark>
    <Placemark>
      <name>Halifax Mk.III LK878</name>
      <description><![CDATA[<a href="https://www.peakdistrictaircrashes.co.uk/crash_sites/north-yorkshire-moors/handley-page-halifax-lk878-felixkirk/">More information</a>]]></description>
      <Point>
        <coordinates>-1.2779999999999807,54.251999999999995,0</coordinates>
      </Point>
    </Placemark>
    <Placemark>
      <name>Sabre F. Mk.4 XD733</name>
      <description><![CDATA[<a href="https://www.peakdistrictaircrashes.co.uk/crash_sites/north-yorkshire-moors/north-american-sabre-xd733-hood-hill/">More information</a>]]></description>
      <Point>
        <coordinates>-1.2279999999999958,54.224,0</coordinates>
      </Point>
    </Placemark>
    <Placemark>
      <name>Spitfire Mk.22 PK617</name>
      <description><![CDATA[<a href="https://www.peakdistrictaircrashes.co.uk/crash_sites/north-yorkshire-moors/supermarine-spitfire-pk617-raven-gill/">More information</a>]]></description>
      <Point>
        <coordinates>-0.9749999999999891,54.495,0</coordinates>
      </Point>
    </Placemark>
    <Placemark>
      <name>Spitfire Mk.XVI SM278</name>
      <description><![CDATA[<a href="https://www.peakdistrictaircrashes.co.uk/crash_sites/north-yorkshire-moors/supermarine-spitfire-sm278-arden-great-moor/">More information</a>]]></description>
      <Point>
        <coordinates>-1.262000000000021,54.336,0</coordinates>
      </Point>
    </Placemark>
    <Placemark>
      <name>Halifax Mk.V LL178</name>
      <description><![CDATA[<a href="https://www.peakdistrictaircrashes.co.uk/crash_sites/north-yorkshire-moors/handley-page-halifax-ll178-kepwick/">More information</a>]]></description>
      <Point>
        <coordinates>-1.2400000000000153,54.323,0</coordinates>
      </Point>
    </Placemark>
    <Placemark>
      <name>Halifax Mk.II LW334</name>
      <description><![CDATA[<a href="https://www.peakdistrictaircrashes.co.uk/crash_sites/north-yorkshire-moors/handley-page-halifax-lw334-black-hambleton/">More information</a>]]></description>
      <Point>
        <coordinates>-1.25699999999998,54.346,0</coordinates>
      </Point>
    </Placemark>
    <Placemark>
      <name>Beaufighter Mk.I R2152</name>
      <description><![CDATA[<a href="https://www.peakdistrictaircrashes.co.uk/crash_sites/north-yorkshire-moors/bristol-beaufighter-r2152-urra-moor/">More information</a>]]></description>
      <Point>
        <coordinates>-1.111000000000022,54.396,0</coordinates>
      </Point>
    </Placemark>
    <Placemark>
      <name>Wellington Mk.III BJ778</name>
      <description><![CDATA[<a href="https://www.peakdistrictaircrashes.co.uk/crash_sites/north-yorkshire-moors/vickers-wellington-bj778-black-intake-moor/">More information</a>]]></description>
      <Point>
        <coordinates>-1.110000000000023,54.383,0</coordinates>
      </Point>
    </Placemark>
    <Placemark>
      <name>Lancaster Mk.I ED481</name>
      <description><![CDATA[<a href="https://www.peakdistrictaircrashes.co.uk/crash_sites/north-yorkshire-moors/avro-lancaster-ed481-hawnby-hill/">More information</a>]]></description>
      <Point>
        <coordinates>-1.173999999999989,54.315999999999995,0</coordinates>
      </Point>
    </Placemark>
    <Placemark>
      <name>Do217E-4 4342 / U5+GR</name>
      <description><![CDATA[<a href="https://www.peakdistrictaircrashes.co.uk/crash_sites/north-yorkshire-moors/dornier-do217-4342-easterside-hill/">More information</a>]]></description>
      <Point>
        <coordinates>-1.15100000000002,54.315,0</coordinates>
      </Point>
    </Placemark>
    <Placemark>
      <name>Whitley Mk.V Z6663</name>
      <description><![CDATA[<a href="https://www.peakdistrictaircrashes.co.uk/crash_sites/north-yorkshire-moors/armstrong-whitworth-whitley-z6663-bank-foot/">More information</a>]]></description>
      <Point>
        <coordinates>-1.0790000000000086,54.440999999999995,0</coordinates>
      </Point>
    </Placemark>
    <Placemark>
      <name>Hudson Mk.II T9371</name>
      <description><![CDATA[<a href="https://www.peakdistrictaircrashes.co.uk/crash_sites/north-yorkshire-moors/lockheed-hudson-t9371-pamperdale-moor/">More information</a>]]></description>
      <Point>
        <coordinates>-1.2610000000000017,54.382,0</coordinates>
      </Point>
    </Placemark>
    <Placemark>
      <name>Whitley Mk.V T4138</name>
      <description><![CDATA[<a href="https://www.peakdistrictaircrashes.co.uk/crash_sites/north-yorkshire-moors/armstrong-whitworth-whitley-t4138-arden-great-moor/">More information</a>]]></description>
      <Point>
        <coordinates>-1.2340000000000162,54.336,0</coordinates>
      </Point>
    </Placemark>
    <Placemark>
      <name>Hudson Mk.I N7294</name>
      <description><![CDATA[<a href="https://www.peakdistrictaircrashes.co.uk/crash_sites/north-yorkshire-moors/lockheed-hudson-n7294-easby-moor/">More information</a>]]></description>
      <Point>
        <coordinates>-1.0919999999999757,54.483,0</coordinates>
      </Point>
    </Placemark>
    <Placemark>
      <name>Hector K8096</name>
      <description><![CDATA[<a href="https://www.peakdistrictaircrashes.co.uk/crash_sites/lake-district/hawker-hector-k8096-red-pike/">More information</a>]]></description>
      <Point>
        <coordinates>-3.2860000000000213,54.482,0</coordinates>
      </Point>
    </Placemark>
    <Placemark>
      <name>Anson Mk.I DJ222</name>
      <description><![CDATA[<a href="https://www.peakdistrictaircrashes.co.uk/crash_sites/lake-district/avro-anson-dj222-green-gable/">More information</a>]]></description>
      <Point>
        <coordinates>-3.209999999999993,54.48499999999999,0</coordinates>
      </Point>
    </Placemark>
    <Placemark>
      <name>Beech AT-7 Unknown</name>
      <description><![CDATA[<a href="https://www.peakdistrictaircrashes.co.uk/crash_sites/lake-district/beech-at-7-old-man-of-coniston/">More information</a>]]></description>
      <Point>
        <coordinates>-3.1189999999999767,54.376,0</coordinates>
      </Point>
    </Placemark>
    <Placemark>
      <name>C-45 44-47194</name>
      <description><![CDATA[<a href="https://www.peakdistrictaircrashes.co.uk/crash_sites/lake-district/beechcraft-c-45-44-47194-black-combe/">More information</a>]]></description>
      <Point>
        <coordinates>-3.336,54.259,0</coordinates>
      </Point>
    </Placemark>
    <Placemark>
      <name>Anson Mk.I EF935</name>
      <description><![CDATA[<a href="https://www.peakdistrictaircrashes.co.uk/crash_sites/lake-district/avro-anson-ef935-corney-fell/">More information</a>]]></description>
      <Point>
        <coordinates>-3.3150000000000226,54.318,0</coordinates>
      </Point>
    </Placemark>
    <Placemark>
      <name>Anson Mk.I LT741</name>
      <description><![CDATA[<a href="https://www.peakdistrictaircrashes.co.uk/crash_sites/lake-district/avro-anson-lt741-black-combe/">More information</a>]]></description>
      <Point>
        <coordinates>-3.32199999999998,54.26199999999999,0</coordinates>
      </Point>
    </Placemark>
    <Placemark>
      <name>Jet Provost T. Mk.5A XW417</name>
      <description><![CDATA[<a href="https://www.peakdistrictaircrashes.co.uk/crash_sites/lake-district/bac-jet-provost-xw417-thirlmere/">More information</a>]]></description>
      <Point>
        <coordinates>-3.0509999999999797,54.512,0</coordinates>
      </Point>
    </Placemark>
    <Placemark>
      <name>F-111E 68-0081</name>
      <description><![CDATA[<a href="https://www.peakdistrictaircrashes.co.uk/crash_sites/lake-district/general-dynamics-f-111e-68-0081-saddle-crags/">More information</a>]]></description>
      <Point>
        <coordinates>-2.727999999999988,54.471,0</coordinates>
      </Point>
    </Placemark>
    <Placemark>
      <name>Cherokee G-AZYP</name>
      <description><![CDATA[<a href="https://www.peakdistrictaircrashes.co.uk/crash_sites/lake-district/piper-cherokee-g-azyp-illgill-head/">More information</a>]]></description>
      <Point>
        <coordinates>-3.2990000000000244,54.434,0</coordinates>
      </Point>
    </Placemark>
    <Placemark>
      <name>Cherokee G-ASEK</name>
      <description><![CDATA[<a href="https://www.peakdistrictaircrashes.co.uk/crash_sites/lake-district/piper-cherokee-g-asek-esk-hause/">More information</a>]]></description>
      <Point>
        <coordinates>-3.1889999999999783,54.461,0</coordinates>
      </Point>
    </Placemark>
    <Placemark>
      <name>Sabre 6 23380</name>
      <description><![CDATA[<a href="https://www.peakdistrictaircrashes.co.uk/crash_sites/lake-district/north-american-sabre-23380-iron-crag/">More information</a>]]></description>
      <Point>
        <coordinates>-3.357000000000016,54.495999999999995,0</coordinates>
      </Point>
    </Placemark>
    <Placemark>
      <name>Canberra P.R. Mk.7 WT505</name>
      <description><![CDATA[<a href="https://www.peakdistrictaircrashes.co.uk/crash_sites/lake-district/english-electric-canberra-wt505-ponsonby-fell/">More information</a>]]></description>
      <Point>
        <coordinates>-3.4199999999999813,54.446999999999996,0</coordinates>
      </Point>
    </Placemark>
    <Placemark>
      <name>Hawk Trainer Mk.3 G-ALGJ</name>
      <description><![CDATA[<a href="https://www.peakdistrictaircrashes.co.uk/crash_sites/lake-district/miles-hawk-trainer-g-algj-lank-rigg/">More information</a>]]></description>
      <Point>
        <coordinates>-3.415000000000004,54.497,0</coordinates>
      </Point>
    </Placemark>
    <Placemark>
      <name>Spitfire Mk.XVI SL611</name>
      <description><![CDATA[<a href="https://www.peakdistrictaircrashes.co.uk/crash_sites/lake-district/supermarine-spitfire-sl611-ill-crag/">More information</a>]]></description>
      <Point>
        <coordinates>-3.197000000000024,54.458999999999996,0</coordinates>
      </Point>
    </Placemark>
    <Placemark>
      <name>Dominie X7394</name>
      <description><![CDATA[<a href="https://www.peakdistrictaircrashes.co.uk/crash_sites/lake-district/de-havilland-dominie-x7394-broad-crag/">More information</a>]]></description>
      <Point>
        <coordinates>-3.207999999999998,54.46,0</coordinates>
      </Point>
    </Placemark>
    <Placemark>
      <name>Avenger Mk.II JZ390</name>
      <description><![CDATA[<a href="https://www.peakdistrictaircrashes.co.uk/crash_sites/lake-district/grumman-avenger-jz390-great-gully/">More information</a>]]></description>
      <Point>
        <coordinates>-3.313000000000002,54.423,0</coordinates>
      </Point>
    </Placemark>
    <Placemark>
      <name>Anson Mk.I MG464</name>
      <description><![CDATA[<a href="https://www.peakdistrictaircrashes.co.uk/crash_sites/lake-district/avro-anson-mg464-grisedale-pike/">More information</a>]]></description>
      <Point>
        <coordinates>-3.2460000000000027,54.586999999999996,0</coordinates>
      </Point>
    </Placemark>
    <Placemark>
      <name>Halifax Mk.II JP182</name>
      <description><![CDATA[<a href="https://www.peakdistrictaircrashes.co.uk/crash_sites/lake-district/handley-halifax-jp182-eel-crag/">More information</a>]]></description>
      <Point>
        <coordinates>-3.2499999999999947,54.572,0</coordinates>
      </Point>
    </Placemark>
    <Placemark>
      <name>Beaufighter Mk.VIC EL285</name>
      <description><![CDATA[<a href="https://www.peakdistrictaircrashes.co.uk/crash_sites/lake-district/bristol-beaufighter-el285-wolf-crag/">More information</a>]]></description>
      <Point>
        <coordinates>-3.0039999999999947,54.589999999999996,0</coordinates>
      </Point>
    </Placemark>
    <Placemark>
      <name>B-17E 41-9051</name>
      <description><![CDATA[<a href="https://www.peakdistrictaircrashes.co.uk/crash_sites/lake-district/boeing-b-17e-41-9051-skiddaw/">More information</a>]]></description>
      <Point>
        <coordinates>-3.150999999999976,54.647,0</coordinates>
      </Point>
    </Placemark>
    <Placemark>
      <name>Anson Mk.I DJ275</name>
      <description><![CDATA[<a href="https://www.peakdistrictaircrashes.co.uk/crash_sites/lake-district/avro-anson-dj275-cam-spout/">More information</a>]]></description>
      <Point>
        <coordinates>-3.2210000000000147,54.444,0</coordinates>
      </Point>
    </Placemark>
    <Placemark>
      <name>Hudson Mk.V AM680</name>
      <description><![CDATA[<a href="https://www.peakdistrictaircrashes.co.uk/crash_sites/lake-district/lockheed-hudson-am680-beda-head/">More information</a>]]></description>
      <Point>
        <coordinates>-2.887000000000012,54.546,0</coordinates>
      </Point>
    </Placemark>
    <Placemark>
      <name>Wellington Mk.IC DV600</name>
      <description><![CDATA[<a href="https://www.peakdistrictaircrashes.co.uk/crash_sites/lake-district/vickers-wellington-dv600-high-doat/">More information</a>]]></description>
      <Point>
        <coordinates>-3.162999999999988,54.521,0</coordinates>
      </Point>
    </Placemark>
    <Placemark>
      <name>Wellington Mk.IC T2714</name>
      <description><![CDATA[<a href="https://www.peakdistrictaircrashes.co.uk/crash_sites/lake-district/vickers-wellington-t2714-burn-tod/">More information</a>]]></description>
      <Point>
        <coordinates>-3.1080000000000063,54.687,0</coordinates>
      </Point>
    </Placemark>
    <Placemark>
      <name>Oxford Mk.I AT486</name>
      <description><![CDATA[<a href="https://www.peakdistrictaircrashes.co.uk/crash_sites/lake-district/airspeed-oxford-at486-caw-fell/">More information</a>]]></description>
      <Point>
        <coordinates>-3.3429999999999978,54.483,0</coordinates>
      </Point>
    </Placemark>
    <Placemark>
      <name>Hurricane Mk.I V6565 &amp;#038; V7742</name>
      <description><![CDATA[<a href="https://www.peakdistrictaircrashes.co.uk/crash_sites/lake-district/hawker-hurricane-v6565-v7742-slight-side/">More information</a>]]></description>
      <Point>
        <coordinates>-3.222999999999994,54.436,0</coordinates>
      </Point>
    </Placemark>
    <Placemark>
      <name>Hurricane Mk.I V7539</name>
      <description><![CDATA[<a href="https://www.peakdistrictaircrashes.co.uk/crash_sites/lake-district/hawker-hurricane-v7539-scar-crags/">More information</a>]]></description>
      <Point>
        <coordinates>-3.222999999999984,54.574999999999996,0</coordinates>
      </Point>
    </Placemark>
    <Placemark>
      <name>Hurricane Mk.I V6987</name>
      <description><![CDATA[<a href="https://www.peakdistrictaircrashes.co.uk/crash_sites/lake-district/hawker-hurricane-v6987-birkhouse-moor/">More information</a>]]></description>
      <Point>
        <coordinates>-2.9869999999999757,54.544,0</coordinates>
      </Point>
    </Placemark>
    <Placemark>
      <name>Oxford Mk.I LW959</name>
      <description><![CDATA[<a href="https://www.peakdistrictaircrashes.co.uk/crash_sites/midlands/airspeed-oxford-lw959-henbury/">More information</a>]]></description>
      <Point>
        <coordinates>-2.1779999999999915,53.26,0</coordinates>
      </Point>
    </Placemark>
    <Placemark>
      <name>Albemarle Mk.II V1604</name>
      <description><![CDATA[<a href="https://www.peakdistrictaircrashes.co.uk/crash_sites/midlands/armstrong-whitworth-albemarle-v1604-ashbourne/">More information</a>]]></description>
      <Point>
        <coordinates>-1.6679999999999804,53.019999999999996,0</coordinates>
      </Point>
    </Placemark>
    <Placemark>
      <name>B-17G 43-37776</name>
      <description><![CDATA[<a href="https://www.peakdistrictaircrashes.co.uk/crash_sites/midlands/boeing-b-17g-43-37776-nailstone/">More information</a>]]></description>
      <Point>
        <coordinates>-1.3940000000000015,52.665,0</coordinates>
      </Point>
    </Placemark>
    <Placemark>
      <name>Canberra B. Mk.2 WH669</name>
      <description><![CDATA[<a href="https://www.peakdistrictaircrashes.co.uk/crash_sites/midlands/english-electric-canberra-wh669-dilhorne/">More information</a>]]></description>
      <Point>
        <coordinates>-2.0420000000000176,53.007999999999996,0</coordinates>
      </Point>
    </Placemark>
    <Placemark>
      <name>Hornet F. Mk.1 PX244</name>
      <description><![CDATA[<a href="https://www.peakdistrictaircrashes.co.uk/crash_sites/midlands/de-havilland-hornet-px244-radbourne/">More information</a>]]></description>
      <Point>
        <coordinates>-1.5960000000000119,52.924,0</coordinates>
      </Point>
    </Placemark>
    <Placemark>
      <name>Wellington Mk.XIII NC661</name>
      <description><![CDATA[<a href="https://www.peakdistrictaircrashes.co.uk/crash_sites/midlands/vickers-wellington-nc661-trusley/">More information</a>]]></description>
      <Point>
        <coordinates>-1.6250000000000127,52.921,0</coordinates>
      </Point>
    </Placemark>
    <Placemark>
      <name>Baltimore Mk.I AG689</name>
      <description><![CDATA[<a href="https://www.peakdistrictaircrashes.co.uk/crash_sites/midlands/martin-baltimore-ag689-tedsmore-hall/">More information</a>]]></description>
      <Point>
        <coordinates>-2.936000000000001,52.825,0</coordinates>
      </Point>
    </Placemark>
    <Placemark>
      <name>P-47D 42-74728</name>
      <description><![CDATA[<a href="https://www.peakdistrictaircrashes.co.uk/crash_sites/midlands/republic-p-47d-42-74728-stockton-brook/">More information</a>]]></description>
      <Point>
        <coordinates>-2.122000000000018,53.053,0</coordinates>
      </Point>
    </Placemark>
    <Placemark>
      <name>Whitley Mk.V BD230</name>
      <description><![CDATA[<a href="https://www.peakdistrictaircrashes.co.uk/crash_sites/midlands/armstrong-whitworth-whitley-bd230-weston-underwood/">More information</a>]]></description>
      <Point>
        <coordinates>-1.561999999999991,52.992,0</coordinates>
      </Point>
    </Placemark>
    <Placemark>
      <name>Wellington Mk.X MF584</name>
      <description><![CDATA[<a href="https://www.peakdistrictaircrashes.co.uk/crash_sites/midlands/vickers-wellington-mf584-marchington/">More information</a>]]></description>
      <Point>
        <coordinates>-1.815999999999975,52.866,0</coordinates>
      </Point>
    </Placemark>
    <Placemark>
      <name>P-47D 42-22491</name>
      <description><![CDATA[<a href="https://www.peakdistrictaircrashes.co.uk/crash_sites/midlands/republic-p-47d-42-22491-upper-tean/">More information</a>]]></description>
      <Point>
        <coordinates>-1.98499999999999,52.952999999999996,0</coordinates>
      </Point>
    </Placemark>
    <Placemark>
      <name>Halifax Mk.III MZ519</name>
      <description><![CDATA[<a href="https://www.peakdistrictaircrashes.co.uk/crash_sites/midlands/handley-page-halifax-mz519-fansfield/">More information</a>]]></description>
      <Point>
        <coordinates>-1.0409999999999937,53.092,0</coordinates>
      </Point>
    </Placemark>
    <Placemark>
      <name>Wellington Mk.X LP397</name>
      <description><![CDATA[<a href="https://www.peakdistrictaircrashes.co.uk/crash_sites/midlands/vickers-wellington-lp397-mayfield/">More information</a>]]></description>
      <Point>
        <coordinates>-1.7710000000000243,53.001999999999995,0</coordinates>
      </Point>
    </Placemark>
    <Placemark>
      <name>Halifax Mk.II BB320</name>
      <description><![CDATA[<a href="https://www.peakdistrictaircrashes.co.uk/crash_sites/midlands/handley-page-halifax-bb320-cellerhead/">More information</a>]]></description>
      <Point>
        <coordinates>-2.0399999999999934,53.023999999999994,0</coordinates>
      </Point>
    </Placemark>
    <Placemark>
      <name>Whitley Mk.V LA765</name>
      <description><![CDATA[<a href="https://www.peakdistrictaircrashes.co.uk/crash_sites/midlands/armstrong-whitworth-whitley-la765-dilhorne/">More information</a>]]></description>
      <Point>
        <coordinates>-2.041999999999976,52.99999999999999,0</coordinates>
      </Point>
    </Placemark>
    <Placemark>
      <name>P-47C 41-6259</name>
      <description><![CDATA[<a href="https://www.peakdistrictaircrashes.co.uk/crash_sites/midlands/republic-p-47c-41-6259-sudbury/">More information</a>]]></description>
      <Point>
        <coordinates>-1.7690000000000077,52.916999999999994,0</coordinates>
      </Point>
    </Placemark>
    <Placemark>
      <name>P-47D 42-7925</name>
      <description><![CDATA[<a href="https://www.peakdistrictaircrashes.co.uk/crash_sites/midlands/republic-p-47d-42-7925-nantwich/">More information</a>]]></description>
      <Point>
        <coordinates>-2.525000000000002,53.061,0</coordinates>
      </Point>
    </Placemark>
    <Placemark>
      <name>Wellington Mk.IC DV435</name>
      <description><![CDATA[<a href="https://www.peakdistrictaircrashes.co.uk/crash_sites/midlands/vickers-wellington-dv435-belper/">More information</a>]]></description>
      <Point>
        <coordinates>-1.5430000000000212,53.027,0</coordinates>
      </Point>
    </Placemark>
    <Placemark>
      <name>Whitley Mk.V Z9189</name>
      <description><![CDATA[<a href="https://www.peakdistrictaircrashes.co.uk/crash_sites/midlands/armstrong-whitworth-whitley-z9189-ashbourne/">More information</a>]]></description>
      <Point>
        <coordinates>-1.739999999999995,52.985,0</coordinates>
      </Point>
    </Placemark>
    <Placemark>
      <name>Blenheim Mk.V AZ876</name>
      <description><![CDATA[<a href="https://www.peakdistrictaircrashes.co.uk/crash_sites/midlands/bristol-blenheim-az876-belper/">More information</a>]]></description>
      <Point>
        <coordinates>-1.5600000000000074,53.023999999999994,0</coordinates>
      </Point>
    </Placemark>
    <Placemark>
      <name>Wellington Mk.III BK508</name>
      <description><![CDATA[<a href="https://www.peakdistrictaircrashes.co.uk/crash_sites/midlands/vickers-wellington-bk508-radbourne/">More information</a>]]></description>
      <Point>
        <coordinates>-1.588000000000022,52.912,0</coordinates>
      </Point>
    </Placemark>
    <Placemark>
      <name>Wellington Mk.III BK241</name>
      <description><![CDATA[<a href="https://www.peakdistrictaircrashes.co.uk/crash_sites/midlands/vickers-wellington-bk241-derby/">More information</a>]]></description>
      <Point>
        <coordinates>-1.6330000000000207,52.928999999999995,0</coordinates>
      </Point>
    </Placemark>
    <Placemark>
      <name>Wellington Mk.IC R1538</name>
      <description><![CDATA[<a href="https://www.peakdistrictaircrashes.co.uk/crash_sites/midlands/vickers-wellington-r1538-dilhorne/">More information</a>]]></description>
      <Point>
        <coordinates>-2.0739999999999856,53.01,0</coordinates>
      </Point>
    </Placemark>
    <Placemark>
      <name>Wellington Mk.III BK405</name>
      <description><![CDATA[<a href="https://www.peakdistrictaircrashes.co.uk/crash_sites/midlands/vickers-wellington-bk405-boylestone/">More information</a>]]></description>
      <Point>
        <coordinates>-1.6980000000000102,52.915,0</coordinates>
      </Point>
    </Placemark>
    <Placemark>
      <name>Blenheim Mk.IV N3567</name>
      <description><![CDATA[<a href="https://www.peakdistrictaircrashes.co.uk/crash_sites/midlands/bristol-blenheim-n3567-ashbourne/">More information</a>]]></description>
      <Point>
        <coordinates>-1.7300000000000078,53.007,0</coordinates>
      </Point>
    </Placemark>
    <Placemark>
      <name>Battle Mk.I L5499</name>
      <description><![CDATA[<a href="https://www.peakdistrictaircrashes.co.uk/crash_sites/midlands/fairey-battle-l5499-calverton/">More information</a>]]></description>
      <Point>
        <coordinates>-1.0989999999999942,53.059,0</coordinates>
      </Point>
    </Placemark>
    <Placemark>
      <name>Meteor F. Mk.4 VT239</name>
      <description><![CDATA[<a href="https://www.peakdistrictaircrashes.co.uk/crash_sites/pennines/meteor-vt239-chapel-le-dale/">More information</a>]]></description>
      <Point>
        <coordinates>-2.3889999999999896,54.18899999999999,0</coordinates>
      </Point>
    </Placemark>
    <Placemark>
      <name>Meteor F. Mk.4 VZ418</name>
      <description><![CDATA[<a href="https://www.peakdistrictaircrashes.co.uk/crash_sites/pennines/gloster-meteor-vz418-burn-moor/">More information</a>]]></description>
      <Point>
        <coordinates>-2.4599999999999764,54.059999999999995,0</coordinates>
      </Point>
    </Placemark>
    <Placemark>
      <name>Do217E-4 1182 / U5+KP</name>
      <description><![CDATA[<a href="https://www.peakdistrictaircrashes.co.uk/crash_sites/pennines/dornier-do217-1182-steel-rigg/">More information</a>]]></description>
      <Point>
        <coordinates>-2.3909999999999916,55.00299999999999,0</coordinates>
      </Point>
    </Placemark>
    <Placemark>
      <name>Ju88A-14 144354</name>
      <description><![CDATA[<a href="https://www.peakdistrictaircrashes.co.uk/crash_sites/pennines/ju88-144354-linhope-rigg/">More information</a>]]></description>
      <Point>
        <coordinates>-2.094000000000021,55.446,0</coordinates>
      </Point>
    </Placemark>
    <Placemark>
      <name>Master Mk.III W8479</name>
      <description><![CDATA[<a href="https://www.peakdistrictaircrashes.co.uk/crash_sites/pennines/miles-master-w8479-arant-haw-fell/">More information</a>]]></description>
      <Point>
        <coordinates>-2.520999999999992,54.346,0</coordinates>
      </Point>
    </Placemark>
    <Placemark>
      <name>Venom F.B. Mk.4 WR557</name>
      <description><![CDATA[<a href="https://www.peakdistrictaircrashes.co.uk/crash_sites/pennines/1957-03-04venom-f-b-mk-4wr557no-22-mu-raffarlam-currick-northumberland/">More information</a>]]></description>
      <Point>
        <coordinates>-2.5620000000000234,54.817,0</coordinates>
      </Point>
    </Placemark>
    <Placemark>
      <name>Beaufort Mk.I DX118</name>
      <description><![CDATA[<a href="https://www.peakdistrictaircrashes.co.uk/crash_sites/pennines/bristol-beaufort-dx118-brownhart-law/">More information</a>]]></description>
      <Point>
        <coordinates>-2.3269999999999738,55.376,0</coordinates>
      </Point>
    </Placemark>
    <Placemark>
      <name>Hurricane Mk.I L1670</name>
      <description><![CDATA[<a href="https://www.peakdistrictaircrashes.co.uk/crash_sites/pennines/hawker-hurricane-l1670-ravenseat-moor/">More information</a>]]></description>
      <Point>
        <coordinates>-2.2329999999999806,54.43299999999999,0</coordinates>
      </Point>
    </Placemark>
    <Placemark>
      <name>C-54A 45-543</name>
      <description><![CDATA[<a href="https://www.peakdistrictaircrashes.co.uk/crash_sites/pennines/douglas-c-54a-45-543-stake-house-fell/">More information</a>]]></description>
      <Point>
        <coordinates>-2.6769999999999983,53.939,0</coordinates>
      </Point>
    </Placemark>
    <Placemark>
      <name>Spitfire Mk.VA P8563</name>
      <description><![CDATA[<a href="https://www.peakdistrictaircrashes.co.uk/crash_sites/pennines/supermarine-spitfire-p8563-stanhope/">More information</a>]]></description>
      <Point>
        <coordinates>-2.0610000000000097,54.805,0</coordinates>
      </Point>
    </Placemark>
    <Placemark>
      <name>P-38F 41-7669</name>
      <description><![CDATA[<a href="https://www.peakdistrictaircrashes.co.uk/crash_sites/pennines/lockheed-p-38f-41-7669-cliviger/">More information</a>]]></description>
      <Point>
        <coordinates>-2.1790000000000025,53.773999999999994,0</coordinates>
      </Point>
    </Placemark>
    <Placemark>
      <name>Whitley Mk.V Z9221</name>
      <description><![CDATA[<a href="https://www.peakdistrictaircrashes.co.uk/crash_sites/pennines/armstrong-whitworth-whitley-z9221-kirkby-malzeard-moor/">More information</a>]]></description>
      <Point>
        <coordinates>-1.7829999999999855,54.128,0</coordinates>
      </Point>
    </Placemark>
    <Placemark>
      <name>Wellington Mk.XI HZ251</name>
      <description><![CDATA[<a href="https://www.peakdistrictaircrashes.co.uk/crash_sites/pennines/vickers-wellington-hz251-low-bradley/">More information</a>]]></description>
      <Point>
        <coordinates>-2.0019999999999785,53.925000000000004,0</coordinates>
      </Point>
    </Placemark>
    <Placemark>
      <name>Cessna 152 G-BJKY</name>
      <description><![CDATA[<a href="https://www.peakdistrictaircrashes.co.uk/crash_sites/pennines/cessna-152-g-bjky-ingleborough/">More information</a>]]></description>
      <Point>
        <coordinates>-2.3900000000000183,54.163999999999994,0</coordinates>
      </Point>
    </Placemark>
    <Placemark>
      <name>Tornado F. Mk.3 ZE858</name>
      <description><![CDATA[<a href="https://www.peakdistrictaircrashes.co.uk/crash_sites/pennines/panavia-tornado-ze858-stainmore/">More information</a>]]></description>
      <Point>
        <coordinates>-2.1650000000000125,54.504999999999995,0</coordinates>
      </Point>
    </Placemark>
    <Placemark>
      <name>Phantom F.G.R. Mk.2 XV434</name>
      <description><![CDATA[<a href="https://www.peakdistrictaircrashes.co.uk/crash_sites/pennines/mcdonnell-douglas-phantom-xv434-buckden-pike/">More information</a>]]></description>
      <Point>
        <coordinates>-2.034000000000019,54.205,0</coordinates>
      </Point>
    </Placemark>
    <Placemark>
      <name>Jet Provost T. Mk.3A XM453</name>
      <description><![CDATA[<a href="https://www.peakdistrictaircrashes.co.uk/crash_sites/pennines/bac-jet-provost-xm453-ribblehead/">More information</a>]]></description>
      <Point>
        <coordinates>-2.3139999999999876,54.211,0</coordinates>
      </Point>
    </Placemark>
    <Placemark>
      <name>Jet Provost T. Mk.5A XW371</name>
      <description><![CDATA[<a href="https://www.peakdistrictaircrashes.co.uk/crash_sites/pennines/bac-jet-provost-xw371-roeburndale/">More information</a>]]></description>
      <Point>
        <coordinates>-2.5999999999999868,54.056999999999995,0</coordinates>
      </Point>
    </Placemark>
    <Placemark>
      <name>Cherokee G-AVYN</name>
      <description><![CDATA[<a href="https://www.peakdistrictaircrashes.co.uk/crash_sites/pennines/piper-cherokee-g-avyn-ashfold-gill-head/">More information</a>]]></description>
      <Point>
        <coordinates>-1.8889999999999847,54.111,0</coordinates>
      </Point>
    </Placemark>
    <Placemark>
      <name>Chipmunk T. Mk.10 WP968</name>
      <description><![CDATA[<a href="https://www.peakdistrictaircrashes.co.uk/crash_sites/pennines/de-havilland-canada-chipmunk-wp968-smithills-moor/">More information</a>]]></description>
      <Point>
        <coordinates>-2.5030000000000174,53.619,0</coordinates>
      </Point>
    </Placemark>
    <Placemark>
      <name>Dakota G-AMVC</name>
      <description><![CDATA[<a href="https://www.peakdistrictaircrashes.co.uk/crash_sites/pennines/douglas-dakota-g-amvc-croglin-fell/">More information</a>]]></description>
      <Point>
        <coordinates>-2.631000000000025,54.849,0</coordinates>
      </Point>
    </Placemark>
    <Placemark>
      <name>Javelin F.A.W. Mk.5 XA662</name>
      <description><![CDATA[<a href="https://www.peakdistrictaircrashes.co.uk/crash_sites/pennines/gloster-javelin-xa662-apedale/">More information</a>]]></description>
      <Point>
        <coordinates>-1.97699999999999,54.342,0</coordinates>
      </Point>
    </Placemark>
    <Placemark>
      <name>Bristol Freighter G-AICS</name>
      <description><![CDATA[<a href="https://www.peakdistrictaircrashes.co.uk/crash_sites/pennines/bristol-freighter-g-aics-winter-hill/">More information</a>]]></description>
      <Point>
        <coordinates>-2.512999999999991,53.63,0</coordinates>
      </Point>
    </Placemark>
    <Placemark>
      <name>Meteor N.F. Mk.11 WD778</name>
      <description><![CDATA[<a href="https://www.peakdistrictaircrashes.co.uk/crash_sites/pennines/gloster-meteor-wd778-dufton-fell/">More information</a>]]></description>
      <Point>
        <coordinates>-2.4280000000000186,54.657000000000004,0</coordinates>
      </Point>
    </Placemark>
    <Placemark>
      <name>Dragon Rapide G-AFMF</name>
      <description><![CDATA[<a href="https://www.peakdistrictaircrashes.co.uk/crash_sites/pennines/de-havilland-dragon-rapide-g-afmf-simonburn-common/">More information</a>]]></description>
      <Point>
        <coordinates>-2.2580000000000235,55.051,0</coordinates>
      </Point>
    </Placemark>
    <Placemark>
      <name>Meteor F. Mk.8 WH383 &amp;#038; WH384</name>
      <description><![CDATA[<a href="https://www.peakdistrictaircrashes.co.uk/crash_sites/pennines/gloster-meteor-wh383-wh384-edgworth/">More information</a>]]></description>
      <Point>
        <coordinates>-2.3740000000000117,53.664,0</coordinates>
      </Point>
    </Placemark>
    <Placemark>
      <name>Chipmunk T. Mk.10 WD326</name>
      <description><![CDATA[<a href="https://www.peakdistrictaircrashes.co.uk/crash_sites/pennines/de-havilland-canada-chipmunk-wd326-malham/">More information</a>]]></description>
      <Point>
        <coordinates>-2.1839999999999926,54.089,0</coordinates>
      </Point>
    </Placemark>
    <Placemark>
      <name>Mosquito N.F. Mk.36 RL197</name>
      <description><![CDATA[<a href="https://www.peakdistrictaircrashes.co.uk/crash_sites/pennines/de-havilland-mosquito-rl197-great-whernside/">More information</a>]]></description>
      <Point>
        <coordinates>-2.000000000000002,54.156,0</coordinates>
      </Point>
    </Placemark>
    <Placemark>
      <name>Spitfire F.R. Mk.14 NM814</name>
      <description><![CDATA[<a href="https://www.peakdistrictaircrashes.co.uk/crash_sites/pennines/supermarine-spitfire-nm814-coldbergh-edge/">More information</a>]]></description>
      <Point>
        <coordinates>-2.2710000000000052,54.434,0</coordinates>
      </Point>
    </Placemark>
    <Placemark>
      <name>Mosquito F.B. Mk.VI TA525</name>
      <description><![CDATA[<a href="https://www.peakdistrictaircrashes.co.uk/crash_sites/pennines/de-havilland-mosquito-ta525-castle-bolton/">More information</a>]]></description>
      <Point>
        <coordinates>-1.9690000000000132,54.333,0</coordinates>
      </Point>
    </Placemark>
    <Placemark>
      <name>Dakota Mk.III KG502</name>
      <description><![CDATA[<a href="https://www.peakdistrictaircrashes.co.uk/crash_sites/pennines/douglas-dakota-kg502-cold-fell/">More information</a>]]></description>
      <Point>
        <coordinates>-2.6439999999999833,54.898999999999994,0</coordinates>
      </Point>
    </Placemark>
    <Placemark>
      <name>Mosquito N.F. Mk.30 NT544</name>
      <description><![CDATA[<a href="https://www.peakdistrictaircrashes.co.uk/crash_sites/pennines/de-havilland-mosquito-nt544-keld/">More information</a>]]></description>
      <Point>
        <coordinates>-2.1969999999999983,54.388999999999996,0</coordinates>
      </Point>
    </Placemark>
    <Placemark>
      <name>Barracuda Mk.II DR306</name>
      <description><![CDATA[<a href="https://www.peakdistrictaircrashes.co.uk/crash_sites/pennines/fairey-barracuda-dr306-whernside/">More information</a>]]></description>
      <Point>
        <coordinates>-2.397000000000015,54.217999999999996,0</coordinates>
      </Point>
    </Placemark>
    <Placemark>
      <name>Lancaster Mk.I RA571</name>
      <description><![CDATA[<a href="https://www.peakdistrictaircrashes.co.uk/crash_sites/pennines/avro-lancaster-ra571-beamsley-beacon/">More information</a>]]></description>
      <Point>
        <coordinates>-1.846000000000026,53.968,0</coordinates>
      </Point>
    </Placemark>
    <Placemark>
      <name>Mustang Mk.III SR411</name>
      <description><![CDATA[<a href="https://www.peakdistrictaircrashes.co.uk/crash_sites/pennines/north-american-mustang-sr411-darwen-moor/">More information</a>]]></description>
      <Point>
        <coordinates>-2.468999999999977,53.668,0</coordinates>
      </Point>
    </Placemark>
    <Placemark>
      <name>Wellington Mk.X HE226</name>
      <description><![CDATA[<a href="https://www.peakdistrictaircrashes.co.uk/crash_sites/pennines/vickers-wellington-he226-bycliffe-moor/">More information</a>]]></description>
      <Point>
        <coordinates>-1.9830000000000243,54.11299999999999,0</coordinates>
      </Point>
    </Placemark>
    <Placemark>
      <name>B-17G 44-8683</name>
      <description><![CDATA[<a href="https://www.peakdistrictaircrashes.co.uk/crash_sites/pennines/boeing-b-17g-44-8683-great-whernside/">More information</a>]]></description>
      <Point>
        <coordinates>-1.999999999999982,54.15,0</coordinates>
      </Point>
    </Placemark>
    <Placemark>
      <name>Hurricane Mk.IIC PG472</name>
      <description><![CDATA[<a href="https://www.peakdistrictaircrashes.co.uk/crash_sites/pennines/hawker-hurricane-pg472-whimberry-hill/">More information</a>]]></description>
      <Point>
        <coordinates>-2.4729999999999737,53.623,0</coordinates>
      </Point>
    </Placemark>
    <Placemark>
      <name>B-24J 42-50668</name>
      <description><![CDATA[<a href="https://www.peakdistrictaircrashes.co.uk/crash_sites/pennines/consolidated-b-24j-42-50668-black-hameldon/">More information</a>]]></description>
      <Point>
        <coordinates>-2.1349999999999834,53.766,0</coordinates>
      </Point>
    </Placemark>
    <Placemark>
      <name>B-24J 42-100322</name>
      <description><![CDATA[<a href="https://www.peakdistrictaircrashes.co.uk/crash_sites/pennines/consolidated-b-24j-42-100322-burn-fell/">More information</a>]]></description>
      <Point>
        <coordinates>-2.5019999999999802,53.974999999999994,0</coordinates>
      </Point>
    </Placemark>
    <Placemark>
      <name>Lancaster Mk.I NF963</name>
      <description><![CDATA[<a href="https://www.peakdistrictaircrashes.co.uk/crash_sites/pennines/avro-lancaster-nf963-ellingstring/">More information</a>]]></description>
      <Point>
        <coordinates>-1.7500000000000158,54.248999999999995,0</coordinates>
      </Point>
    </Placemark>
    <Placemark>
      <name>Stirling Mk.III EE975</name>
      <description><![CDATA[<a href="https://www.peakdistrictaircrashes.co.uk/crash_sites/pennines/short-stirling-ee975-old-cote-moor/">More information</a>]]></description>
      <Point>
        <coordinates>-2.1130000000000115,54.15,0</coordinates>
      </Point>
    </Placemark>
    <Placemark>
      <name>Blenheim Mk.V BA246</name>
      <description><![CDATA[<a href="https://www.peakdistrictaircrashes.co.uk/crash_sites/pennines/bristol-blenheim-ba246-bleasdale-fell/">More information</a>]]></description>
      <Point>
        <coordinates>-2.64,53.928999999999995,0</coordinates>
      </Point>
    </Placemark>
    <Placemark>
      <name>Wellington Mk.III BK347</name>
      <description><![CDATA[<a href="https://www.peakdistrictaircrashes.co.uk/crash_sites/pennines/vickers-wellington-bk347-whernside/">More information</a>]]></description>
      <Point>
        <coordinates>-2.397999999999973,54.230999999999995,0</coordinates>
      </Point>
    </Placemark>
    <Placemark>
      <name>Halifax Mk.II BB310</name>
      <description><![CDATA[<a href="https://www.peakdistrictaircrashes.co.uk/crash_sites/pennines/handley-page-halifax-bb310-great-dun-fell/">More information</a>]]></description>
      <Point>
        <coordinates>-2.472000000000001,54.68599999999999,0</coordinates>
      </Point>
    </Placemark>
    <Placemark>
      <name>Anson Mk.I N4919</name>
      <description><![CDATA[<a href="https://www.peakdistrictaircrashes.co.uk/crash_sites/pennines/avro-anson-n4919-wolfhole-crag/">More information</a>]]></description>
      <Point>
        <coordinates>-2.5660000000000025,54.013999999999996,0</coordinates>
      </Point>
    </Placemark>
    <Placemark>
      <name>Halifax Mk.V DK185</name>
      <description><![CDATA[<a href="https://www.peakdistrictaircrashes.co.uk/crash_sites/pennines/handley-page-halifax-dk185-crawshaw-moss/">More information</a>]]></description>
      <Point>
        <coordinates>-1.8600000000000139,53.916,0</coordinates>
      </Point>
    </Placemark>
    <Placemark>
      <name>P-47D 42-22758</name>
      <description><![CDATA[<a href="https://www.peakdistrictaircrashes.co.uk/crash_sites/pennines/republic-p-47d-42-22758-pendle-hill/">More information</a>]]></description>
      <Point>
        <coordinates>-2.3369999999999944,53.853,0</coordinates>
      </Point>
    </Placemark>
    <Placemark>
      <name>Wellington Mk.III BK387</name>
      <description><![CDATA[<a href="https://www.peakdistrictaircrashes.co.uk/crash_sites/pennines/vickers-wellington-bk387-oakworth/">More information</a>]]></description>
      <Point>
        <coordinates>-1.982000000000019,53.844,0</coordinates>
      </Point>
    </Placemark>
    <Placemark>
      <name>Oxford Mk.I BM837</name>
      <description><![CDATA[<a href="https://www.peakdistrictaircrashes.co.uk/crash_sites/pennines/airspeed-oxford-bm837-winter-hill/">More information</a>]]></description>
      <Point>
        <coordinates>-2.512000000000019,53.629,0</coordinates>
      </Point>
    </Placemark>
    <Placemark>
      <name>Martinet T.T. Mk.I MS554</name>
      <description><![CDATA[<a href="https://www.peakdistrictaircrashes.co.uk/crash_sites/pennines/miles-martinet-ms554-west-bolton-moor/">More information</a>]]></description>
      <Point>
        <coordinates>-2.012000000000004,54.343999999999994,0</coordinates>
      </Point>
    </Placemark>
    <Placemark>
      <name>Halifax Mk.II JB926</name>
      <description><![CDATA[<a href="https://www.peakdistrictaircrashes.co.uk/crash_sites/pennines/handley-page-halifax-jb926-slipstone-crags/">More information</a>]]></description>
      <Point>
        <coordinates>-1.7880000000000023,54.233,0</coordinates>
      </Point>
    </Placemark>
    <Placemark>
      <name>Halifax Mk.II DT578</name>
      <description><![CDATA[<a href="https://www.peakdistrictaircrashes.co.uk/crash_sites/pennines/handley-page-halifax-dt578-great-whernside/">More information</a>]]></description>
      <Point>
        <coordinates>-2.0000000000000013,54.153,0</coordinates>
      </Point>
    </Placemark>
    <Placemark>
      <name>Oxford Mk.I DF471</name>
      <description><![CDATA[<a href="https://www.peakdistrictaircrashes.co.uk/crash_sites/pennines/airspeed-oxford-df471-great-coum/">More information</a>]]></description>
      <Point>
        <coordinates>-2.4580000000000117,54.239999999999995,0</coordinates>
      </Point>
    </Placemark>
    <Placemark>
      <name>Halifax Mk.V DG404</name>
      <description><![CDATA[<a href="https://www.peakdistrictaircrashes.co.uk/crash_sites/pennines/handley-page-halifax-dg404-pateley-bridge/">More information</a>]]></description>
      <Point>
        <coordinates>-1.8549999999999733,54.102999999999994,0</coordinates>
      </Point>
    </Placemark>
    <Placemark>
      <name>Beaufighter T.F. Mk.X JM223</name>
      <description><![CDATA[<a href="https://www.peakdistrictaircrashes.co.uk/crash_sites/pennines/bristol-beaufighter-jm223-croglin-fell/">More information</a>]]></description>
      <Point>
        <coordinates>-2.6150000000000078,54.841,0</coordinates>
      </Point>
    </Placemark>
    <Placemark>
      <name>Mosquito N.F. Mk.II DD750</name>
      <description><![CDATA[<a href="https://www.peakdistrictaircrashes.co.uk/crash_sites/pennines/de-havilland-mosquito-dd750-silsden/">More information</a>]]></description>
      <Point>
        <coordinates>-1.896000000000011,53.919,0</coordinates>
      </Point>
    </Placemark>
    <Placemark>
      <name>Anson Mk.I DJ453</name>
      <description><![CDATA[<a href="https://www.peakdistrictaircrashes.co.uk/crash_sites/pennines/avro-anson-dj453-cross-fell/">More information</a>]]></description>
      <Point>
        <coordinates>-2.4689999999999737,54.705,0</coordinates>
      </Point>
    </Placemark>
    <Placemark>
      <name>Tomahawk Mk.I AH744</name>
      <description><![CDATA[<a href="https://www.peakdistrictaircrashes.co.uk/crash_sites/pennines/curtiss-tomahawk-ah744-red-gill-moss/">More information</a>]]></description>
      <Point>
        <coordinates>-2.1929999999999983,54.538,0</coordinates>
      </Point>
    </Placemark>
    <Placemark>
      <name>Halifax Mk.II W1146</name>
      <description><![CDATA[<a href="https://www.peakdistrictaircrashes.co.uk/crash_sites/pennines/handley-page-halifax-w1146-great-shunner-fell/">More information</a>]]></description>
      <Point>
        <coordinates>-2.208999999999982,54.372,0</coordinates>
      </Point>
    </Placemark>
    <Placemark>
      <name>P-38G 42-13928</name>
      <description><![CDATA[<a href="https://www.peakdistrictaircrashes.co.uk/crash_sites/pennines/lockheed-p-38g-42-13928-baxton-fell/">More information</a>]]></description>
      <Point>
        <coordinates>-2.5080000000000027,54.003,0</coordinates>
      </Point>
    </Placemark>
    <Placemark>
      <name>P-38G 42-12905</name>
      <description><![CDATA[<a href="https://www.peakdistrictaircrashes.co.uk/crash_sites/pennines/lockheed-p-38g-42-12905-dunsop-fell/">More information</a>]]></description>
      <Point>
        <coordinates>-2.4990000000000228,53.982,0</coordinates>
      </Point>
    </Placemark>
    <Placemark>
      <name>Halifax Mk.II DT581</name>
      <description><![CDATA[<a href="https://www.peakdistrictaircrashes.co.uk/crash_sites/pennines/handley-page-halifax-dt581-hoar-side-moor/">More information</a>]]></description>
      <Point>
        <coordinates>-2.1000000000000165,53.763999999999996,0</coordinates>
      </Point>
    </Placemark>
    <Placemark>
      <name>Mustang Mk.I AG586</name>
      <description><![CDATA[<a href="https://www.peakdistrictaircrashes.co.uk/crash_sites/pennines/north-american-mustang-ag586-fountains-earth-moor/">More information</a>]]></description>
      <Point>
        <coordinates>-1.780999999999984,54.148,0</coordinates>
      </Point>
    </Placemark>
    <Placemark>
      <name>Mustang Mk.I AP208</name>
      <description><![CDATA[<a href="https://www.peakdistrictaircrashes.co.uk/crash_sites/pennines/north-american-mustang-ap208-holdron-moss/">More information</a>]]></description>
      <Point>
        <coordinates>-2.5970000000000253,53.952,0</coordinates>
      </Point>
    </Placemark>
    <Placemark>
      <name>Hudson Mk.I N7325</name>
      <description><![CDATA[<a href="https://www.peakdistrictaircrashes.co.uk/crash_sites/pennines/lockheed-hudson-n7325-cross-fell/">More information</a>]]></description>
      <Point>
        <coordinates>-2.484000000000025,54.692,0</coordinates>
      </Point>
    </Placemark>
    <Placemark>
      <name>Wellington Mk.IC DV718</name>
      <description><![CDATA[<a href="https://www.peakdistrictaircrashes.co.uk/crash_sites/pennines/vickers-wellington-dv718-riggs-moor/">More information</a>]]></description>
      <Point>
        <coordinates>-1.9690000000000092,54.156,0</coordinates>
      </Point>
    </Placemark>
    <Placemark>
      <name>Wellington Mk.IC Z8808</name>
      <description><![CDATA[<a href="https://www.peakdistrictaircrashes.co.uk/crash_sites/pennines/vickers-wellington-z8808-ashfold-gill-head/">More information</a>]]></description>
      <Point>
        <coordinates>-1.8899999999999761,54.114999999999995,0</coordinates>
      </Point>
    </Placemark>
    <Placemark>
      <name>Hurricane Mk.IIB AG680</name>
      <description><![CDATA[<a href="https://www.peakdistrictaircrashes.co.uk/crash_sites/pennines/hawker-hurricane-ag680-great-sled-dale/">More information</a>]]></description>
      <Point>
        <coordinates>-2.2740000000000204,54.38699999999999,0</coordinates>
      </Point>
    </Placemark>
    <Placemark>
      <name>Halifax Mk.II L9619</name>
      <description><![CDATA[<a href="https://www.peakdistrictaircrashes.co.uk/crash_sites/pennines/handley-page-halifax-l9619-keld/">More information</a>]]></description>
      <Point>
        <coordinates>-2.206000000000027,54.396,0</coordinates>
      </Point>
    </Placemark>
    <Placemark>
      <name>Wellington Mk.IC T2715</name>
      <description><![CDATA[<a href="https://www.peakdistrictaircrashes.co.uk/crash_sites/pennines/vickers-wellington-t2715-dufton-fell/">More information</a>]]></description>
      <Point>
        <coordinates>-2.3799999999999835,54.662,0</coordinates>
      </Point>
    </Placemark>
    <Placemark>
      <name>Wellington Mk.IC N2848</name>
      <description><![CDATA[<a href="https://www.peakdistrictaircrashes.co.uk/crash_sites/pennines/vickers-wellington-n2848-starbotton-fell/">More information</a>]]></description>
      <Point>
        <coordinates>-2.0590000000000077,54.196999999999996,0</coordinates>
      </Point>
    </Placemark>
    <Placemark>
      <name>Whitley Mk.V T4234</name>
      <description><![CDATA[<a href="https://www.peakdistrictaircrashes.co.uk/crash_sites/pennines/armstrong-whitworth-whitley-t4234-widdale-fell/">More information</a>]]></description>
      <Point>
        <coordinates>-2.3190000000000217,54.289,0</coordinates>
      </Point>
    </Placemark>
    <Placemark>
      <name>Defiant Mk.I N1651</name>
      <description><![CDATA[<a href="https://www.peakdistrictaircrashes.co.uk/crash_sites/pennines/boulton-paul-defiant-n1651-hawthornthwaite-fell/">More information</a>]]></description>
      <Point>
        <coordinates>-2.6509999999999887,53.958999999999996,0</coordinates>
      </Point>
    </Placemark>
    <Placemark>
      <name>Blenheim Mk.I K7076</name>
      <description><![CDATA[<a href="https://www.peakdistrictaircrashes.co.uk/crash_sites/pennines/bristol-blenheim-k7076-arnagill-moor/">More information</a>]]></description>
      <Point>
        <coordinates>-1.7589999999999997,54.184,0</coordinates>
      </Point>
    </Placemark>
    <Placemark>
      <name>Hurricane Mk.I P3522</name>
      <description><![CDATA[<a href="https://www.peakdistrictaircrashes.co.uk/crash_sites/pennines/hawker-hurricane-p3522-caldbergh-moor/">More information</a>]]></description>
      <Point>
        <coordinates>-1.8450000000000226,54.24099999999999,0</coordinates>
      </Point>
    </Placemark>
    <Placemark>
      <name>Whitley Mk.V T4225</name>
      <description><![CDATA[<a href="https://www.peakdistrictaircrashes.co.uk/crash_sites/pennines/armstrong-whitworth-whitley-t4225-bingley-moor/">More information</a>]]></description>
      <Point>
        <coordinates>-1.8049999999999802,53.887,0</coordinates>
      </Point>
    </Placemark>
    <Placemark>
      <name>Skua L2969</name>
      <description><![CDATA[<a href="https://www.peakdistrictaircrashes.co.uk/crash_sites/pennines/blackburn-skua-l2969-high-bentham/">More information</a>]]></description>
      <Point>
        <coordinates>-2.4740000000000113,54.068999999999996,0</coordinates>
      </Point>
    </Placemark>
    <Placemark>
      <name>Spitfire Mk.I K9888</name>
      <description><![CDATA[<a href="https://www.peakdistrictaircrashes.co.uk/crash_sites/pennines/supermarine-spitfire-k9888-great-dun-fell/">More information</a>]]></description>
      <Point>
        <coordinates>-2.453999999999988,54.675999999999995,0</coordinates>
      </Point>
    </Placemark>
    <Placemark>
      <name>Dragon Rapide G-AERE</name>
      <description><![CDATA[<a href="https://www.peakdistrictaircrashes.co.uk/crash_sites/pennines/de-havilland-dragon-rapide-g-aere-ettersgill/">More information</a>]]></description>
      <Point>
        <coordinates>-2.1769999999999925,54.690999999999995,0</coordinates>
      </Point>
    </Placemark>
    <Placemark>
      <name>Blenheim Mk.I L1252</name>
      <description><![CDATA[<a href="https://www.peakdistrictaircrashes.co.uk/crash_sites/pennines/bristol-blenheim-l1252-hargill-beck/">More information</a>]]></description>
      <Point>
        <coordinates>-2.2180000000000066,54.608999999999995,0</coordinates>
      </Point>
    </Placemark>
    <Placemark>
      <name>Dragon G-ADEE</name>
      <description><![CDATA[<a href="https://www.peakdistrictaircrashes.co.uk/crash_sites/pennines/de-havilland-dragon-g-adee-bleasdale/">More information</a>]]></description>
      <Point>
        <coordinates>-2.626999999999984,53.915,0</coordinates>
      </Point>
    </Placemark>
    <Placemark>
      <name>Atlas Mk.I J9043</name>
      <description><![CDATA[<a href="https://www.peakdistrictaircrashes.co.uk/crash_sites/pennines/armstrong-whitworth-atlas-j9043-grinton-moor/">More information</a>]]></description>
      <Point>
        <coordinates>-1.9260000000000144,54.351,0</coordinates>
      </Point>
    </Placemark>
    <Placemark>
      <name>Lysander Mk.II P1693</name>
      <description><![CDATA[<a href="https://www.peakdistrictaircrashes.co.uk/crash_sites/peak-district/westland-lysander-p1693-ashgate-chesterfield/">More information</a>]]></description>
      <Point>
        <coordinates>-1.4860000000000049,53.241,0</coordinates>
      </Point>
    </Placemark>
    <Placemark>
      <name>Bell 206B Jetranger G-ODIL</name>
      <description><![CDATA[<a href="https://www.peakdistrictaircrashes.co.uk/crash_sites/peak-district/miscellaneous/bell-206b-jetranger-g-odil-william-clough/">More information</a>]]></description>
      <Point>
        <coordinates>-1.9010000000000162,53.403,0</coordinates>
      </Point>
    </Placemark>
    <Placemark>
      <name>Bell 206B Jetranger G-NORM</name>
      <description><![CDATA[<a href="https://www.peakdistrictaircrashes.co.uk/crash_sites/peak-district/miscellaneous/bell-206b-jetranger-g-norm-parwich-ashbourne/">More information</a>]]></description>
      <Point>
        <coordinates>-1.7200000000000053,53.086999999999996,0</coordinates>
      </Point>
    </Placemark>
    <Placemark>
      <name>Flight Design CTSW G-CFAZ</name>
      <description><![CDATA[<a href="https://www.peakdistrictaircrashes.co.uk/crash_sites/peak-district/flight-design-ctsw-g-cfaz-saddleworth-moor/">More information</a>]]></description>
      <Point>
        <coordinates>-1.964999999999992,53.553,0</coordinates>
      </Point>
    </Placemark>
    <Placemark>
      <name>R1180TD Aiglon G-CRAN</name>
      <description><![CDATA[<a href="https://www.peakdistrictaircrashes.co.uk/crash_sites/peak-district/pierre-robin-r1180td-g-cran-staden/">More information</a>]]></description>
      <Point>
        <coordinates>-1.8959999999999866,53.245999999999995,0</coordinates>
      </Point>
    </Placemark>
    <Placemark>
      <name>Hunter T. Mk.7 G-BTYL</name>
      <description><![CDATA[<a href="https://www.peakdistrictaircrashes.co.uk/crash_sites/peak-district/hawker-hunter-g-btyl-broomhead-moor/">More information</a>]]></description>
      <Point>
        <coordinates>-1.6890000000000143,53.446,0</coordinates>
      </Point>
    </Placemark>
    <Placemark>
      <name>Cessna 150 G-BFRP</name>
      <description><![CDATA[<a href="https://www.peakdistrictaircrashes.co.uk/crash_sites/peak-district/cessna-150-g-bfrp-broadlee-bank-tor/">More information</a>]]></description>
      <Point>
        <coordinates>-1.8300000000000243,53.37199999999999,0</coordinates>
      </Point>
    </Placemark>
    <Placemark>
      <name>RF-4C 64-1018</name>
      <description><![CDATA[<a href="https://www.peakdistrictaircrashes.co.uk/crash_sites/peak-district/mcdonnell-rf-4c-64-1018-unthank-plantation/">More information</a>]]></description>
      <Point>
        <coordinates>-1.5349999999999964,53.276999999999994,0</coordinates>
      </Point>
    </Placemark>
    <Placemark>
      <name>Dragon Rapide G-ALBC</name>
      <description><![CDATA[<a href="https://www.peakdistrictaircrashes.co.uk/crash_sites/peak-district/de-havilland-dragon-rapide-g-albc-kinder/">More information</a>]]></description>
      <Point>
        <coordinates>-1.8500000000000187,53.391,0</coordinates>
      </Point>
    </Placemark>
    <Placemark>
      <name>Canberra B. Mk.6 WT207</name>
      <description><![CDATA[<a href="https://www.peakdistrictaircrashes.co.uk/crash_sites/peak-district/english-electric-canberra-wt207-monyash/">More information</a>]]></description>
      <Point>
        <coordinates>-1.7599999999999807,53.19199999999999,0</coordinates>
      </Point>
    </Placemark>
    <Placemark>
      <name>Vampire T. Mk.11 XE866</name>
      <description><![CDATA[<a href="https://www.peakdistrictaircrashes.co.uk/crash_sites/peak-district/de-havilland-vampire-xe866-stanage-edge/">More information</a>]]></description>
      <Point>
        <coordinates>-1.6639999999999855,53.367999999999995,0</coordinates>
      </Point>
    </Placemark>
    <Placemark>
      <name>Hawk Trainer Mk.3 G-AJSF</name>
      <description><![CDATA[<a href="https://www.peakdistrictaircrashes.co.uk/crash_sites/peak-district/miles-hawk-trainer-g-ajsf-kinder-low-end/">More information</a>]]></description>
      <Point>
        <coordinates>-1.891000000000011,53.378,0</coordinates>
      </Point>
    </Placemark>
    <Placemark>
      <name>Shackleton M.R. Mk.3 WR970</name>
      <description><![CDATA[<a href="https://www.peakdistrictaircrashes.co.uk/crash_sites/peak-district/avro-shackleton-wr970-foolow/">More information</a>]]></description>
      <Point>
        <coordinates>-1.7120000000000053,53.285999999999994,0</coordinates>
      </Point>
    </Placemark>
    <Placemark>
      <name>L-20A 52-6145</name>
      <description><![CDATA[<a href="https://www.peakdistrictaircrashes.co.uk/crash_sites/peak-district/de-havilland-canada-l-20a-52-6145-bramah-edge/">More information</a>]]></description>
      <Point>
        <coordinates>-1.9170000000000205,53.474999999999994,0</coordinates>
      </Point>
    </Placemark>
    <Placemark>
      <name>Meteor F. Mk.8 WE904</name>
      <description><![CDATA[<a href="https://www.peakdistrictaircrashes.co.uk/crash_sites/peak-district/gloster-meteor-we904-millthorpe/">More information</a>]]></description>
      <Point>
        <coordinates>-1.5250000000000201,53.283,0</coordinates>
      </Point>
    </Placemark>
    <Placemark>
      <name>Sabre 2 19234</name>
      <description><![CDATA[<a href="https://www.peakdistrictaircrashes.co.uk/crash_sites/peak-district/north-american-sabre-19234-black-hill/">More information</a>]]></description>
      <Point>
        <coordinates>-1.8639999999999977,53.541999999999994,0</coordinates>
      </Point>
    </Placemark>
    <Placemark>
      <name>Sabre F. Mk.6 XD707 &amp;#038; XD730</name>
      <description><![CDATA[<a href="https://www.peakdistrictaircrashes.co.uk/crash_sites/peak-district/north-american-sabre-xd707-xd730-ashop-moor/">More information</a>]]></description>
      <Point>
        <coordinates>-1.8890000000000227,53.409,0</coordinates>
      </Point>
    </Placemark>
    <Placemark>
      <name>Vampire F.B. Mk.5 VV602</name>
      <description><![CDATA[<a href="https://www.peakdistrictaircrashes.co.uk/crash_sites/peak-district/de-havilland-vampire-vv602-wildboarclough/">More information</a>]]></description>
      <Point>
        <coordinates>-2.0220000000000224,53.24399999999999,0</coordinates>
      </Point>
    </Placemark>
    <Placemark>
      <name>Harvard Mk.2B FX306</name>
      <description><![CDATA[<a href="https://www.peakdistrictaircrashes.co.uk/crash_sites/peak-district/north-american-harvard-fx306-foolow/">More information</a>]]></description>
      <Point>
        <coordinates>-1.7219999999999904,53.288,0</coordinates>
      </Point>
    </Placemark>
    <Placemark>
      <name>Wellington T. Mk.10 MF627</name>
      <description><![CDATA[<a href="https://www.peakdistrictaircrashes.co.uk/crash_sites/peak-district/vickers-wellington-mf627-rod-moor/">More information</a>]]></description>
      <Point>
        <coordinates>-1.6040000000000214,53.4,0</coordinates>
      </Point>
    </Placemark>
    <Placemark>
      <name>Auster J1 Autocrat G-ALUE</name>
      <description><![CDATA[<a href="https://www.peakdistrictaircrashes.co.uk/crash_sites/peak-district/auster-autocrat-g-alue-axe-edge-moor/">More information</a>]]></description>
      <Point>
        <coordinates>-1.968999999999984,53.230999999999995,0</coordinates>
      </Point>
    </Placemark>
    <Placemark>
      <name>Harvard Mk.2B FT415</name>
      <description><![CDATA[<a href="https://www.peakdistrictaircrashes.co.uk/crash_sites/peak-district/north-american-harvard-ft415-wool-packs/">More information</a>]]></description>
      <Point>
        <coordinates>-1.8669999999999944,53.378,0</coordinates>
      </Point>
    </Placemark>
    <Placemark>
      <name>Vampire F.B. Mk.5 WA400</name>
      <description><![CDATA[<a href="https://www.peakdistrictaircrashes.co.uk/crash_sites/peak-district/de-havilland-vampire-wa400-strines-moor/">More information</a>]]></description>
      <Point>
        <coordinates>-1.6729999999999847,53.404999999999994,0</coordinates>
      </Point>
    </Placemark>
    <Placemark>
      <name>Chipmunk T. Mk.10 WB579</name>
      <description><![CDATA[<a href="https://www.peakdistrictaircrashes.co.uk/crash_sites/peak-district/de-havilland-canada-chipmunk-wb579-arnfield-moor/">More information</a>]]></description>
      <Point>
        <coordinates>-1.9609999999999994,53.494,0</coordinates>
      </Point>
    </Placemark>
    <Placemark>
      <name>Consul TF-RPM</name>
      <description><![CDATA[<a href="https://www.peakdistrictaircrashes.co.uk/crash_sites/peak-district/airspeed-consul-tf-rpm-crow-stone-edge/">More information</a>]]></description>
      <Point>
        <coordinates>-1.7389999999999897,53.465999999999994,0</coordinates>
      </Point>
    </Placemark>
    <Placemark>
      <name>Meteor F. Mk.8 WA791 &amp;#038; VZ518</name>
      <description><![CDATA[<a href="https://www.peakdistrictaircrashes.co.uk/crash_sites/peak-district/gloster-meteor-wa791-vz518-sliddens-moss/">More information</a>]]></description>
      <Point>
        <coordinates>-1.90100000000001,53.523,0</coordinates>
      </Point>
    </Placemark>
    <Placemark>
      <name>Meteor F. Mk.4 RA487</name>
      <description><![CDATA[<a href="https://www.peakdistrictaircrashes.co.uk/crash_sites/peak-district/gloster-meteor-ra487-hagg-side/">More information</a>]]></description>
      <Point>
        <coordinates>-1.7519999999999738,53.397999999999996,0</coordinates>
      </Point>
    </Placemark>
    <Placemark>
      <name>Dakota G-AHCY</name>
      <description><![CDATA[<a href="https://www.peakdistrictaircrashes.co.uk/crash_sites/peak-district/douglas-dakota-g-ahcy-wimberry-stones/">More information</a>]]></description>
      <Point>
        <coordinates>-1.9789999999999912,53.519,0</coordinates>
      </Point>
    </Placemark>
    <Placemark>
      <name>Seafire F. Mk.17 SP325 &amp;#038; SX314</name>
      <description><![CDATA[<a href="https://www.peakdistrictaircrashes.co.uk/crash_sites/peak-district/supermarine-seafire-sp325-sx314-wildboarclough/">More information</a>]]></description>
      <Point>
        <coordinates>-2.016000000000007,53.20399999999999,0</coordinates>
      </Point>
    </Placemark>
    <Placemark>
      <name>Spitfire F. Mk.22 PK488</name>
      <description><![CDATA[<a href="https://www.peakdistrictaircrashes.co.uk/crash_sites/peak-district/supermarine-spitfire-pk488-parwich/">More information</a>]]></description>
      <Point>
        <coordinates>-1.7210000000000247,53.114999999999995,0</coordinates>
      </Point>
    </Placemark>
    <Placemark>
      <name>Lancaster Mk.1 PA411</name>
      <description><![CDATA[<a href="https://www.peakdistrictaircrashes.co.uk/crash_sites/peak-district/avro-lancaster-pa411-tintwhistle-knarr/">More information</a>]]></description>
      <Point>
        <coordinates>-1.9489999999999845,53.489999999999995,0</coordinates>
      </Point>
    </Placemark>
    <Placemark>
      <name>RB-29A 44-61999</name>
      <description><![CDATA[<a href="https://www.peakdistrictaircrashes.co.uk/crash_sites/peak-district/boeing-rb-29a-44-61999-higher-shelf-stones/">More information</a>]]></description>
      <Point>
        <coordinates>-1.8660000000000099,53.449,0</coordinates>
      </Point>
    </Placemark>
    <Placemark>
      <name>Harvard Mk.2B KF954</name>
      <description><![CDATA[<a href="https://www.peakdistrictaircrashes.co.uk/crash_sites/peak-district/north-american-harvard-kf954-buxton/">More information</a>]]></description>
      <Point>
        <coordinates>-1.8900000000000248,53.263999999999996,0</coordinates>
      </Point>
    </Placemark>
    <Placemark>
      <name>Halifax A. Mk.9 RT922</name>
      <description><![CDATA[<a href="https://www.peakdistrictaircrashes.co.uk/crash_sites/peak-district/handley-page-halifax-rt922-grindon-moor/">More information</a>]]></description>
      <Point>
        <coordinates>-1.9070000000000147,53.095,0</coordinates>
      </Point>
    </Placemark>
    <Placemark>
      <name>Oxford Mk.I LX673</name>
      <description><![CDATA[<a href="https://www.peakdistrictaircrashes.co.uk/crash_sites/peak-district/airspeed-oxford-lx673-wildboarclough/">More information</a>]]></description>
      <Point>
        <coordinates>-2.0289999999999813,53.23499999999999,0</coordinates>
      </Point>
    </Placemark>
    <Placemark>
      <name>Oxford Mk.I HN594</name>
      <description><![CDATA[<a href="https://www.peakdistrictaircrashes.co.uk/crash_sites/peak-district/airspeed-oxford-hn594-brown-knoll/">More information</a>]]></description>
      <Point>
        <coordinates>-1.8789999999999807,53.36299999999999,0</coordinates>
      </Point>
    </Placemark>
    <Placemark>
      <name>Anson Mk.XI NL185</name>
      <description><![CDATA[<a href="https://www.peakdistrictaircrashes.co.uk/crash_sites/peak-district/avro-anson-nl185-the-cloughs/">More information</a>]]></description>
      <Point>
        <coordinates>-1.868000000000015,53.377,0</coordinates>
      </Point>
    </Placemark>
    <Placemark>
      <name>Barracuda Mk.III MD963</name>
      <description><![CDATA[<a href="https://www.peakdistrictaircrashes.co.uk/crash_sites/peak-district/fairey-barracuda-md963-redbrook-clough/">More information</a>]]></description>
      <Point>
        <coordinates>-1.9649999999999894,53.589,0</coordinates>
      </Point>
    </Placemark>
    <Placemark>
      <name>C-47A 42-108982</name>
      <description><![CDATA[<a href="https://www.peakdistrictaircrashes.co.uk/crash_sites/peak-district/douglas-c-47a-42-108982-shelf-moor/">More information</a>]]></description>
      <Point>
        <coordinates>-1.8800000000000248,53.449,0</coordinates>
      </Point>
    </Placemark>
    <Placemark>
      <name>Tiger Moth Mk.II EM931</name>
      <description><![CDATA[<a href="https://www.peakdistrictaircrashes.co.uk/crash_sites/peak-district/de-havilland-tiger-moth-em931-bradfield/">More information</a>]]></description>
      <Point>
        <coordinates>-1.6559999999999955,53.431,0</coordinates>
      </Point>
    </Placemark>
    <Placemark>
      <name>P-51D 44-64084</name>
      <description><![CDATA[<a href="https://www.peakdistrictaircrashes.co.uk/crash_sites/peak-district/north-american-p-51d-44-64084-glossop/">More information</a>]]></description>
      <Point>
        <coordinates>-1.9620000000000106,53.418,0</coordinates>
      </Point>
    </Placemark>
    <Placemark>
      <name>P-51D 44-72181</name>
      <description><![CDATA[<a href="https://www.peakdistrictaircrashes.co.uk/crash_sites/peak-district/north-american-p-51d-44-72181-castleshaw-moor/">More information</a>]]></description>
      <Point>
        <coordinates>-2.004000000000023,53.596,0</coordinates>
      </Point>
    </Placemark>
    <Placemark>
      <name>Lancaster Mk.X KB993</name>
      <description><![CDATA[<a href="https://www.peakdistrictaircrashes.co.uk/crash_sites/peak-district/avro-lancaster-kb993-james-thorn/">More information</a>]]></description>
      <Point>
        <coordinates>-1.881999999999975,53.45,0</coordinates>
      </Point>
    </Placemark>
    <Placemark>
      <name>Tiger Moth Mk.II T6464</name>
      <description><![CDATA[<a href="https://www.peakdistrictaircrashes.co.uk/crash_sites/peak-district/de-havilland-tiger-moth-t6464-blindstones-moss/">More information</a>]]></description>
      <Point>
        <coordinates>-1.9490000000000265,53.512,0</coordinates>
      </Point>
    </Placemark>
    <Placemark>
      <name>B-17G 43-37667</name>
      <description><![CDATA[<a href="https://www.peakdistrictaircrashes.co.uk/crash_sites/peak-district/boeing-b-17g-43-37667-meltham-moor/">More information</a>]]></description>
      <Point>
        <coordinates>-1.8960000000000237,53.583,0</coordinates>
      </Point>
    </Placemark>
    <Placemark>
      <name>Oxford Mk.I L4601</name>
      <description><![CDATA[<a href="https://www.peakdistrictaircrashes.co.uk/crash_sites/peak-district/airspeed-oxford-l4601-shutlingsloe/">More information</a>]]></description>
      <Point>
        <coordinates>-2.037000000000014,53.221999999999994,0</coordinates>
      </Point>
    </Placemark>
    <Placemark>
      <name>Proctor Mk.III HM324</name>
      <description><![CDATA[<a href="https://www.peakdistrictaircrashes.co.uk/crash_sites/peak-district/percival-proctor-hm324-hargatehill/">More information</a>]]></description>
      <Point>
        <coordinates>-1.8390000000000168,53.29,0</coordinates>
      </Point>
    </Placemark>
    <Placemark>
      <name>Oxford Mk.I NM683</name>
      <description><![CDATA[<a href="https://www.peakdistrictaircrashes.co.uk/crash_sites/peak-district/airspeed-oxford-nm683-rushup-edge/">More information</a>]]></description>
      <Point>
        <coordinates>-1.8370000000000184,53.349999999999994,0</coordinates>
      </Point>
    </Placemark>
    <Placemark>
      <name>Mosquito Mk.XX KB206</name>
      <description><![CDATA[<a href="https://www.peakdistrictaircrashes.co.uk/crash_sites/peak-district/de-havilland-mosquito-kb206-cheddleton/">More information</a>]]></description>
      <Point>
        <coordinates>-2.0220000000000082,53.07599999999999,0</coordinates>
      </Point>
    </Placemark>
    <Placemark>
      <name>Hurricane Mk.IIC PZ851, PZ765 &amp;#038; PZ854</name>
      <description><![CDATA[<a href="https://www.peakdistrictaircrashes.co.uk/crash_sites/peak-district/hawker-hurricane-pz851-pz765-pz854-tintwhistle-knarr/">More information</a>]]></description>
      <Point>
        <coordinates>-1.9470000000000045,53.486,0</coordinates>
      </Point>
    </Placemark>
    <Placemark>
      <name>C-47A 42-93683</name>
      <description><![CDATA[<a href="https://www.peakdistrictaircrashes.co.uk/crash_sites/peak-district/douglas-c-47a-42-93683-buxton/">More information</a>]]></description>
      <Point>
        <coordinates>-1.8350000000000064,53.185,0</coordinates>
      </Point>
    </Placemark>
    <Placemark>
      <name>Lancaster Mk.I NF908</name>
      <description><![CDATA[<a href="https://www.peakdistrictaircrashes.co.uk/crash_sites/peak-district/avro-lancaster-nf908-the-roaches/">More information</a>]]></description>
      <Point>
        <coordinates>-1.9989999999999883,53.169999999999995,0</coordinates>
      </Point>
    </Placemark>
    <Placemark>
      <name>A-20G 43-9958</name>
      <description><![CDATA[<a href="https://www.peakdistrictaircrashes.co.uk/crash_sites/peak-district/douglas-a-20g-43-9958-flash/">More information</a>]]></description>
      <Point>
        <coordinates>-1.9539999999999986,53.21,0</coordinates>
      </Point>
    </Placemark>
    <Placemark>
      <name>B-17G 43-38944</name>
      <description><![CDATA[<a href="https://www.peakdistrictaircrashes.co.uk/crash_sites/peak-district/boeing-b-17g-43-38944-birchenough-hill/">More information</a>]]></description>
      <Point>
        <coordinates>-2.010000000000002,53.206,0</coordinates>
      </Point>
    </Placemark>
    <Placemark>
      <name>C-47A 41-38608</name>
      <description><![CDATA[<a href="https://www.peakdistrictaircrashes.co.uk/crash_sites/peak-district/douglas-c-47a-41-38608-bosley/">More information</a>]]></description>
      <Point>
        <coordinates>-2.1110000000000153,53.196999999999996,0</coordinates>
      </Point>
    </Placemark>
    <Placemark>
      <name>Anson Mk.I N9853</name>
      <description><![CDATA[<a href="https://www.peakdistrictaircrashes.co.uk/crash_sites/peak-district/avro-anson-n9853-edale-moor/">More information</a>]]></description>
      <Point>
        <coordinates>-1.8499999999999843,53.387,0</coordinates>
      </Point>
    </Placemark>
    <Placemark>
      <name>Harvard Mk.IIB FT442</name>
      <description><![CDATA[<a href="https://www.peakdistrictaircrashes.co.uk/crash_sites/peak-district/north-american-harvard-ft442-shining-tor/">More information</a>]]></description>
      <Point>
        <coordinates>-2.0050000000000208,53.260999999999996,0</coordinates>
      </Point>
    </Placemark>
    <Placemark>
      <name>Oxford Mk.I HN429</name>
      <description><![CDATA[<a href="https://www.peakdistrictaircrashes.co.uk/crash_sites/peak-district/airspeed-oxford-hn429-axe-edge/">More information</a>]]></description>
      <Point>
        <coordinates>-1.954999999999976,53.22,0</coordinates>
      </Point>
    </Placemark>
    <Placemark>
      <name>Mosquito Mk.XVI PF395</name>
      <description><![CDATA[<a href="https://www.peakdistrictaircrashes.co.uk/crash_sites/peak-district/de-havilland-mosquito-pf395-dean-rocks/">More information</a>]]></description>
      <Point>
        <coordinates>-1.965000000000004,53.525,0</coordinates>
      </Point>
    </Placemark>
    <Placemark>
      <name>B-24J 42-52003</name>
      <description><![CDATA[<a href="https://www.peakdistrictaircrashes.co.uk/crash_sites/peak-district/consolidated-b-24j-42-52003-mill-hill/">More information</a>]]></description>
      <Point>
        <coordinates>-1.916000000000023,53.413,0</coordinates>
      </Point>
    </Placemark>
    <Placemark>
      <name>B-24H 42-94841</name>
      <description><![CDATA[<a href="https://www.peakdistrictaircrashes.co.uk/crash_sites/peak-district/consolidated-b-24h-42-94841-twizle-head-moss/">More information</a>]]></description>
      <Point>
        <coordinates>-1.844999999999976,53.528,0</coordinates>
      </Point>
    </Placemark>
    <Placemark>
      <name>P-47C 41-6628</name>
      <description><![CDATA[<a href="https://www.peakdistrictaircrashes.co.uk/crash_sites/peak-district/republic-p-47c-41-6628-thorncliffe/">More information</a>]]></description>
      <Point>
        <coordinates>-1.9710000000000227,53.117,0</coordinates>
      </Point>
    </Placemark>
    <Placemark>
      <name>UC-64A 43-35439</name>
      <description><![CDATA[<a href="https://www.peakdistrictaircrashes.co.uk/crash_sites/peak-district/noorduyn-uc-64a-43-35439-shining-tor/">More information</a>]]></description>
      <Point>
        <coordinates>-2.0039999999999822,53.259,0</coordinates>
      </Point>
    </Placemark>
    <Placemark>
      <name>B-24H 42-52625</name>
      <description><![CDATA[<a href="https://www.peakdistrictaircrashes.co.uk/crash_sites/peak-district/consolidated-b-24h-42-52625-brown-edge/">More information</a>]]></description>
      <Point>
        <coordinates>-2.127999999999981,53.083999999999996,0</coordinates>
      </Point>
    </Placemark>
    <Placemark>
      <name>Hurricane Mk.I V6793</name>
      <description><![CDATA[<a href="https://www.peakdistrictaircrashes.co.uk/crash_sites/peak-district/hawker-hurricane-v6793-merryton-low/">More information</a>]]></description>
      <Point>
        <coordinates>-1.9300000000000161,53.148999999999994,0</coordinates>
      </Point>
    </Placemark>
    <Placemark>
      <name>Stirling Mk.III LJ628</name>
      <description><![CDATA[<a href="https://www.peakdistrictaircrashes.co.uk/crash_sites/peak-district/short-stirling-lj628-upper-commons/">More information</a>]]></description>
      <Point>
        <coordinates>-1.6980000000000253,53.456999999999994,0</coordinates>
      </Point>
    </Placemark>
    <Placemark>
      <name>Stirling Mk.III LK502</name>
      <description><![CDATA[<a href="https://www.peakdistrictaircrashes.co.uk/crash_sites/peak-district/short-stirling-lk502-cliffe-park/">More information</a>]]></description>
      <Point>
        <coordinates>-2.0919999999999845,53.135,0</coordinates>
      </Point>
    </Placemark>
    <Placemark>
      <name>P-38J 42-67207</name>
      <description><![CDATA[<a href="https://www.peakdistrictaircrashes.co.uk/crash_sites/peak-district/lockheed-p-38j-42-67207-tintwhistle-knarr/">More information</a>]]></description>
      <Point>
        <coordinates>-1.9430000000000038,53.489,0</coordinates>
      </Point>
    </Placemark>
    <Placemark>
      <name>Albemarle G.T. Mk.I P1463</name>
      <description><![CDATA[<a href="https://www.peakdistrictaircrashes.co.uk/crash_sites/peak-district/armstrong-whitworth-albemarle-p1463-bradbourne/">More information</a>]]></description>
      <Point>
        <coordinates>-1.6979999999999866,53.06399999999999,0</coordinates>
      </Point>
    </Placemark>
    <Placemark>
      <name>Spitfire Mk.Vb W3569</name>
      <description><![CDATA[<a href="https://www.peakdistrictaircrashes.co.uk/crash_sites/peak-district/supermarine-spitfire-w3569-bosley-cloud/">More information</a>]]></description>
      <Point>
        <coordinates>-2.1449999999999765,53.166,0</coordinates>
      </Point>
    </Placemark>
    <Placemark>
      <name>Anson Mk.I DJ680</name>
      <description><![CDATA[<a href="https://www.peakdistrictaircrashes.co.uk/crash_sites/peak-district/avro-anson-dj680-hobson-moor/">More information</a>]]></description>
      <Point>
        <coordinates>-2.0040000000000218,53.47899999999999,0</coordinates>
      </Point>
    </Placemark>
    <Placemark>
      <name>Oxford Mk.I LX745</name>
      <description><![CDATA[<a href="https://www.peakdistrictaircrashes.co.uk/crash_sites/peak-district/airspeed-oxford-lx745-shining-tor/">More information</a>]]></description>
      <Point>
        <coordinates>-2.004000000000009,53.269,0</coordinates>
      </Point>
    </Placemark>
    <Placemark>
      <name>Wellington Mk.III BJ652</name>
      <description><![CDATA[<a href="https://www.peakdistrictaircrashes.co.uk/crash_sites/peak-district/vickers-wellington-bj652-smerrill/">More information</a>]]></description>
      <Point>
        <coordinates>-1.7030000000000167,53.155,0</coordinates>
      </Point>
    </Placemark>
    <Placemark>
      <name>C-53D 42-68728</name>
      <description><![CDATA[<a href="https://www.peakdistrictaircrashes.co.uk/crash_sites/peak-district/douglas-c-53d-42-68728-ossoms-hill/">More information</a>]]></description>
      <Point>
        <coordinates>-1.8639999999999886,53.096999999999994,0</coordinates>
      </Point>
    </Placemark>
    <Placemark>
      <name>P-38J 42-67670</name>
      <description><![CDATA[<a href="https://www.peakdistrictaircrashes.co.uk/crash_sites/peak-district/lockheed-p-38j-42-67670-strines-moor/">More information</a>]]></description>
      <Point>
        <coordinates>-1.948000000000002,53.15,0</coordinates>
      </Point>
    </Placemark>
    <Placemark>
      <name>PB4Y-1 Liberator 63934</name>
      <description><![CDATA[<a href="https://www.peakdistrictaircrashes.co.uk/crash_sites/peak-district/pb4y-1-63934-broken-ground/">More information</a>]]></description>
      <Point>
        <coordinates>-1.9880000000000104,53.512,0</coordinates>
      </Point>
    </Placemark>
    <Placemark>
      <name>P-38J 42-67480</name>
      <description><![CDATA[<a href="https://www.peakdistrictaircrashes.co.uk/crash_sites/peak-district/lockheed-p-38j-42-67480-cronkstone/">More information</a>]]></description>
      <Point>
        <coordinates>-1.8290000000000046,53.19199999999999,0</coordinates>
      </Point>
    </Placemark>
    <Placemark>
      <name>Spitfire Mk.IIA P7883</name>
      <description><![CDATA[<a href="https://www.peakdistrictaircrashes.co.uk/crash_sites/peak-district/supermarine-spitfire-p7883-rushup-edge/">More information</a>]]></description>
      <Point>
        <coordinates>-1.8389999999999782,53.347,0</coordinates>
      </Point>
    </Placemark>
    <Placemark>
      <name>Oxford Mk.I LX518</name>
      <description><![CDATA[<a href="https://www.peakdistrictaircrashes.co.uk/crash_sites/peak-district/airspeed-oxford-lx518-margary-hill/">More information</a>]]></description>
      <Point>
        <coordinates>-1.7300000000000078,53.467,0</coordinates>
      </Point>
    </Placemark>
    <Placemark>
      <name>Halifax Mk.II HR727</name>
      <description><![CDATA[<a href="https://www.peakdistrictaircrashes.co.uk/crash_sites/peak-district/handley-page-halifax-hr727-blackden-edge/">More information</a>]]></description>
      <Point>
        <coordinates>-1.8040000000000036,53.386,0</coordinates>
      </Point>
    </Placemark>
    <Placemark>
      <name>P-47D 42-7872 &amp;#038; 42-7898</name>
      <description><![CDATA[<a href="https://www.peakdistrictaircrashes.co.uk/crash_sites/peak-district/republic-p-47d-42-7872-42-7898-cats-tor/">More information</a>]]></description>
      <Point>
        <coordinates>-2.0089999999999812,53.275999999999996,0</coordinates>
      </Point>
    </Placemark>
    <Placemark>
      <name>Mosquito N.F. Mk.II HJ929</name>
      <description><![CDATA[<a href="https://www.peakdistrictaircrashes.co.uk/crash_sites/peak-district/de-havilland-mosquito-hj929-matlock/">More information</a>]]></description>
      <Point>
        <coordinates>-1.520999999999994,53.125,0</coordinates>
      </Point>
    </Placemark>
    <Placemark>
      <name>Master Mk.II DK912</name>
      <description><![CDATA[<a href="https://www.peakdistrictaircrashes.co.uk/crash_sites/peak-district/miles-master-dk912-thorncliffe/">More information</a>]]></description>
      <Point>
        <coordinates>-1.985999999999979,53.11899999999999,0</coordinates>
      </Point>
    </Placemark>
    <Placemark>
      <name>Wellington Mk.IC DV678</name>
      <description><![CDATA[<a href="https://www.peakdistrictaircrashes.co.uk/crash_sites/peak-district/vickers-wellington-dv678-chatsworth/">More information</a>]]></description>
      <Point>
        <coordinates>-1.6230000000000055,53.219,0</coordinates>
      </Point>
    </Placemark>
    <Placemark>
      <name>Wellington Mk.IC DV732</name>
      <description><![CDATA[<a href="https://www.peakdistrictaircrashes.co.uk/crash_sites/peak-district/vickers-wellington-dv732-eyam/">More information</a>]]></description>
      <Point>
        <coordinates>-1.6789999999999914,53.29899999999999,0</coordinates>
      </Point>
    </Placemark>
    <Placemark>
      <name>Oxford Mk.I R6271</name>
      <description><![CDATA[<a href="https://www.peakdistrictaircrashes.co.uk/crash_sites/peak-district/airspeed-oxford-r6271-waterhouses/">More information</a>]]></description>
      <Point>
        <coordinates>-1.8619999999999755,53.049,0</coordinates>
      </Point>
    </Placemark>
    <Placemark>
      <name>Whitley Mk.V EB338</name>
      <description><![CDATA[<a href="https://www.peakdistrictaircrashes.co.uk/crash_sites/peak-district/armstrong-whitworth-whitley-eb338-alsop-en-le-dale/">More information</a>]]></description>
      <Point>
        <coordinates>-1.7770000000000084,53.09799999999999,0</coordinates>
      </Point>
    </Placemark>
    <Placemark>
      <name>Oxford Mk.I EB717</name>
      <description><![CDATA[<a href="https://www.peakdistrictaircrashes.co.uk/crash_sites/peak-district/airspeed-oxford-eb717-burbage-edge/">More information</a>]]></description>
      <Point>
        <coordinates>-1.962999999999981,53.242999999999995,0</coordinates>
      </Point>
    </Placemark>
    <Placemark>
      <name>P-47C 41-6227</name>
      <description><![CDATA[<a href="https://www.peakdistrictaircrashes.co.uk/crash_sites/peak-district/republic-p-47c-41-6227-horsehill-tor/">More information</a>]]></description>
      <Point>
        <coordinates>-1.8609999999999953,53.356,0</coordinates>
      </Point>
    </Placemark>
    <Placemark>
      <name>Wellington Mk.III DF611</name>
      <description><![CDATA[<a href="https://www.peakdistrictaircrashes.co.uk/crash_sites/peak-district/vickers-wellington-df611-newhaven/">More information</a>]]></description>
      <Point>
        <coordinates>-1.7680000000000264,53.153,0</coordinates>
      </Point>
    </Placemark>
    <Placemark>
      <name>Blenheim Mk.IV V6078</name>
      <description><![CDATA[<a href="https://www.peakdistrictaircrashes.co.uk/crash_sites/peak-district/bristol-blenheim-v6078-spitewinter/">More information</a>]]></description>
      <Point>
        <coordinates>-1.4879999999999949,53.19199999999999,0</coordinates>
      </Point>
    </Placemark>
    <Placemark>
      <name>Master Mk.III W8761</name>
      <description><![CDATA[<a href="https://www.peakdistrictaircrashes.co.uk/crash_sites/peak-district/miles-master-w8761-camp-hill/">More information</a>]]></description>
      <Point>
        <coordinates>-1.7310000000000012,53.306999999999995,0</coordinates>
      </Point>
    </Placemark>
    <Placemark>
      <name>Oxford Mk.I BG197</name>
      <description><![CDATA[<a href="https://www.peakdistrictaircrashes.co.uk/crash_sites/peak-district/airspeed-oxford-bg197-matlock/">More information</a>]]></description>
      <Point>
        <coordinates>-1.5500000000000158,53.123999999999995,0</coordinates>
      </Point>
    </Placemark>
    <Placemark>
      <name>Oxford Mk.I DF485</name>
      <description><![CDATA[<a href="https://www.peakdistrictaircrashes.co.uk/crash_sites/peak-district/airspeed-oxford-df485-hope/">More information</a>]]></description>
      <Point>
        <coordinates>-1.7650000000000101,53.345,0</coordinates>
      </Point>
    </Placemark>
    <Placemark>
      <name>Wellington Mk.III HF613</name>
      <description><![CDATA[<a href="https://www.peakdistrictaircrashes.co.uk/crash_sites/peak-district/vickers-wellington-hf613-hope/">More information</a>]]></description>
      <Point>
        <coordinates>-1.757000000000019,53.345,0</coordinates>
      </Point>
    </Placemark>
    <Placemark>
      <name>Wellington Mk.IC R1011</name>
      <description><![CDATA[<a href="https://www.peakdistrictaircrashes.co.uk/crash_sites/peak-district/vickers-wellington-r1011-birchen-bank-moss/">More information</a>]]></description>
      <Point>
        <coordinates>-1.8419999999999872,53.485,0</coordinates>
      </Point>
    </Placemark>
    <Placemark>
      <name>Wellington Mk.III X3941</name>
      <description><![CDATA[<a href="https://www.peakdistrictaircrashes.co.uk/crash_sites/peak-district/vickers-wellington-x3941-darley-dale/">More information</a>]]></description>
      <Point>
        <coordinates>-1.547999999999997,53.19199999999999,0</coordinates>
      </Point>
    </Placemark>
    <Placemark>
      <name>Wellington Mk.III X3348</name>
      <description><![CDATA[<a href="https://www.peakdistrictaircrashes.co.uk/crash_sites/peak-district/vickers-wellington-x3348-blackden-edge/">More information</a>]]></description>
      <Point>
        <coordinates>-1.8080000000000227,53.38399999999999,0</coordinates>
      </Point>
    </Placemark>
    <Placemark>
      <name>Master Mk.III W8840</name>
      <description><![CDATA[<a href="https://www.peakdistrictaircrashes.co.uk/crash_sites/peak-district/miles-master-w8840-bottom-house/">More information</a>]]></description>
      <Point>
        <coordinates>-1.935000000000021,53.065,0</coordinates>
      </Point>
    </Placemark>
    <Placemark>
      <name>Oxford Mk.I DF408</name>
      <description><![CDATA[<a href="https://www.peakdistrictaircrashes.co.uk/crash_sites/peak-district/airspeed-oxford-df408-sutton/">More information</a>]]></description>
      <Point>
        <coordinates>-2.0959999999999925,53.20399999999999,0</coordinates>
      </Point>
    </Placemark>
    <Placemark>
      <name>Wellington Mk.IC DV810</name>
      <description><![CDATA[<a href="https://www.peakdistrictaircrashes.co.uk/crash_sites/peak-district/vickers-wellington-dv810-broomhead-moor/">More information</a>]]></description>
      <Point>
        <coordinates>-1.6480000000000075,53.455,0</coordinates>
      </Point>
    </Placemark>
    <Placemark>
      <name>Wellington Mk.III Z1744</name>
      <description><![CDATA[<a href="https://www.peakdistrictaircrashes.co.uk/crash_sites/peak-district/vickers-wellington-z1744-upper-hulme/">More information</a>]]></description>
      <Point>
        <coordinates>-1.9880000000000053,53.15,0</coordinates>
      </Point>
    </Placemark>
    <Placemark>
      <name>Master Mk.III W8560</name>
      <description><![CDATA[<a href="https://www.peakdistrictaircrashes.co.uk/crash_sites/peak-district/miles-master-w8560-bollington/">More information</a>]]></description>
      <Point>
        <coordinates>-2.0990000000000255,53.294999999999995,0</coordinates>
      </Point>
    </Placemark>
    <Placemark>
      <name>Anson Mk.I L7968</name>
      <description><![CDATA[<a href="https://www.peakdistrictaircrashes.co.uk/crash_sites/peak-district/avro-anson-l7968-moss-ridge/">More information</a>]]></description>
      <Point>
        <coordinates>-1.9320000000000148,53.272999999999996,0</coordinates>
      </Point>
    </Placemark>
    <Placemark>
      <name>Master Mk.III W8455</name>
      <description><![CDATA[<a href="https://www.peakdistrictaircrashes.co.uk/crash_sites/peak-district/miles-master-w8455-king-sterndale/">More information</a>]]></description>
      <Point>
        <coordinates>-1.8590000000000095,53.241,0</coordinates>
      </Point>
    </Placemark>
    <Placemark>
      <name>Master Mk.III W8474</name>
      <description><![CDATA[<a href="https://www.peakdistrictaircrashes.co.uk/crash_sites/peak-district/miles-master-w8474-mottram/">More information</a>]]></description>
      <Point>
        <coordinates>-2.005000000000015,53.454,0</coordinates>
      </Point>
    </Placemark>
    <Placemark>
      <name>Wellington Mk.IC Z8980</name>
      <description><![CDATA[<a href="https://www.peakdistrictaircrashes.co.uk/crash_sites/peak-district/vickers-wellington-z8980-rud-hill/">More information</a>]]></description>
      <Point>
        <coordinates>-1.6079999999999803,53.35099999999999,0</coordinates>
      </Point>
    </Placemark>
    <Placemark>
      <name>Stirling Mk.I N6075</name>
      <description><![CDATA[<a href="https://www.peakdistrictaircrashes.co.uk/crash_sites/peak-district/short-stirling-n6075-merryton-low/">More information</a>]]></description>
      <Point>
        <coordinates>-1.9450000000000216,53.147,0</coordinates>
      </Point>
    </Placemark>
    <Placemark>
      <name>Lysander Mk.IIIA V9729</name>
      <description><![CDATA[<a href="https://www.peakdistrictaircrashes.co.uk/crash_sites/peak-district/westland-lysander-v9729-cronkstone/">More information</a>]]></description>
      <Point>
        <coordinates>-1.8140000000000183,53.19,0</coordinates>
      </Point>
    </Placemark>
    <Placemark>
      <name>Wellington Mk.III Z1566</name>
      <description><![CDATA[<a href="https://www.peakdistrictaircrashes.co.uk/crash_sites/peak-district/vickers-wellington-z1566-grindon/">More information</a>]]></description>
      <Point>
        <coordinates>-1.8999999999999768,53.092999999999996,0</coordinates>
      </Point>
    </Placemark>
    <Placemark>
      <name>Master Mk.III W8455</name>
      <description><![CDATA[<a href="https://www.peakdistrictaircrashes.co.uk/crash_sites/peak-district/miles-master-w8455-lyme-green/">More information</a>]]></description>
      <Point>
        <coordinates>-2.1210000000000204,53.237,0</coordinates>
      </Point>
    </Placemark>
    <Placemark>
      <name>Wellington Mk.II Z8491</name>
      <description><![CDATA[<a href="https://www.peakdistrictaircrashes.co.uk/crash_sites/peak-district/vickers-wellington-z8491-white-edge-moor/">More information</a>]]></description>
      <Point>
        <coordinates>-1.589000000000008,53.294,0</coordinates>
      </Point>
    </Placemark>
    <Placemark>
      <name>Hampden Mk.I AE381</name>
      <description><![CDATA[<a href="https://www.peakdistrictaircrashes.co.uk/crash_sites/peak-district/handley-page-hampden-ae381-cluther-rocks/">More information</a>]]></description>
      <Point>
        <coordinates>-1.8839999999999744,53.38399999999999,0</coordinates>
      </Point>
    </Placemark>
    <Placemark>
      <name>Tiger Moth BB811</name>
      <description><![CDATA[<a href="https://www.peakdistrictaircrashes.co.uk/crash_sites/peak-district/de-havilland-tiger-moth-bb811-matlock/">More information</a>]]></description>
      <Point>
        <coordinates>-1.5150000000000161,53.126,0</coordinates>
      </Point>
    </Placemark>
    <Placemark>
      <name>Botha Mk.I W5103</name>
      <description><![CDATA[<a href="https://www.peakdistrictaircrashes.co.uk/crash_sites/peak-district/blackburn-botha-w5103-round-hill/">More information</a>]]></description>
      <Point>
        <coordinates>-1.8359999999999843,53.473,0</coordinates>
      </Point>
    </Placemark>
    <Placemark>
      <name>Magister Mk.I T9823</name>
      <description><![CDATA[<a href="https://www.peakdistrictaircrashes.co.uk/crash_sites/peak-district/miles-magister-t9823-atlow/">More information</a>]]></description>
      <Point>
        <coordinates>-1.6730000000000074,53.029999999999994,0</coordinates>
      </Point>
    </Placemark>
    <Placemark>
      <name>Spitfire Mk.IIA P7560</name>
      <description><![CDATA[<a href="https://www.peakdistrictaircrashes.co.uk/crash_sites/peak-district/supermarine-spitfire-p7560-buxton/">More information</a>]]></description>
      <Point>
        <coordinates>-1.9270000000000156,53.217999999999996,0</coordinates>
      </Point>
    </Placemark>
    <Placemark>
      <name>Oxford Mk.II V3626</name>
      <description><![CDATA[<a href="https://www.peakdistrictaircrashes.co.uk/crash_sites/peak-district/airspeed-oxford-v3626-fawside-edge/">More information</a>]]></description>
      <Point>
        <coordinates>-1.9000000000000108,53.18299999999999,0</coordinates>
      </Point>
    </Placemark>
    <Placemark>
      <name>Defiant Mk.I T3921</name>
      <description><![CDATA[<a href="https://www.peakdistrictaircrashes.co.uk/crash_sites/peak-district/boulton-paul-defiant-t3921-buxton/">More information</a>]]></description>
      <Point>
        <coordinates>-1.9980000000000062,53.245999999999995,0</coordinates>
      </Point>
    </Placemark>
    <Placemark>
      <name>Proctor R7491</name>
      <description><![CDATA[<a href="https://www.peakdistrictaircrashes.co.uk/crash_sites/peak-district/percival-proctor-r7491-buxton/">More information</a>]]></description>
      <Point>
        <coordinates>-1.9139999999999804,53.257,0</coordinates>
      </Point>
    </Placemark>
    <Placemark>
      <name>Oxford Mk.I V3210</name>
      <description><![CDATA[<a href="https://www.peakdistrictaircrashes.co.uk/crash_sites/peak-district/airspeed-oxford-v3210-chapel-en-le-frith/">More information</a>]]></description>
      <Point>
        <coordinates>-1.8630000000000178,53.347,0</coordinates>
      </Point>
    </Placemark>
    <Placemark>
      <name>Leopard Moth AV986</name>
      <description><![CDATA[<a href="https://www.peakdistrictaircrashes.co.uk/crash_sites/peak-district/de-havilland-leopard-moth-av986-rushup-edge/">More information</a>]]></description>
      <Point>
        <coordinates>-1.8389999999999782,53.347,0</coordinates>
      </Point>
    </Placemark>
    <Placemark>
      <name>Defiant Mk.I N3378</name>
      <description><![CDATA[<a href="https://www.peakdistrictaircrashes.co.uk/crash_sites/peak-district/boulton-paul-defiant-n3378-bleaklow-stones/">More information</a>]]></description>
      <Point>
        <coordinates>-1.8420000000000114,53.468999999999994,0</coordinates>
      </Point>
    </Placemark>
    <Placemark>
      <name>Magister Mk.I L6908</name>
      <description><![CDATA[<a href="https://www.peakdistrictaircrashes.co.uk/crash_sites/peak-district/miles-magister-l6908-chapel-en-le-frith/">More information</a>]]></description>
      <Point>
        <coordinates>-1.9189999999999943,53.315999999999995,0</coordinates>
      </Point>
    </Placemark>
    <Placemark>
      <name>Battle Mk.I K9221</name>
      <description><![CDATA[<a href="https://www.peakdistrictaircrashes.co.uk/crash_sites/peak-district/fairey-battle-k9221-dore/">More information</a>]]></description>
      <Point>
        <coordinates>-1.568999999999999,53.340999999999994,0</coordinates>
      </Point>
    </Placemark>
    <Placemark>
      <name>Lysander Mk.IIIA V9403</name>
      <description><![CDATA[<a href="https://www.peakdistrictaircrashes.co.uk/crash_sites/peak-district/westland-lysander-v9403-slate-pit-moss/">More information</a>]]></description>
      <Point>
        <coordinates>-1.9399999999999735,53.525999999999996,0</coordinates>
      </Point>
    </Placemark>
    <Placemark>
      <name>Wellington Mk.IC W5719</name>
      <description><![CDATA[<a href="https://www.peakdistrictaircrashes.co.uk/crash_sites/peak-district/vickers-wellington-w5719-upper-tor/">More information</a>]]></description>
      <Point>
        <coordinates>-1.835000000000023,53.38399999999999,0</coordinates>
      </Point>
    </Placemark>
    <Placemark>
      <name>Blenheim Mk.IV Z5870</name>
      <description><![CDATA[<a href="https://www.peakdistrictaircrashes.co.uk/crash_sites/peak-district/bristol-blenheim-z5870-crowden-tower/">More information</a>]]></description>
      <Point>
        <coordinates>-1.8629999999999907,53.38099999999999,0</coordinates>
      </Point>
    </Placemark>
    <Placemark>
      <name>Magister Mk.I L6909</name>
      <description><![CDATA[<a href="https://www.peakdistrictaircrashes.co.uk/crash_sites/peak-district/miles-magister-l6909-calton/">More information</a>]]></description>
      <Point>
        <coordinates>-1.846999999999978,53.05,0</coordinates>
      </Point>
    </Placemark>
    <Placemark>
      <name>Oxford Mk.I N4641</name>
      <description><![CDATA[<a href="https://www.peakdistrictaircrashes.co.uk/crash_sites/peak-district/airspeed-oxford-n4641-tissington/">More information</a>]]></description>
      <Point>
        <coordinates>-1.7370000000000132,53.088,0</coordinates>
      </Point>
    </Placemark>
    <Placemark>
      <name>Ju88A-5 6213 / F1+AD</name>
      <description><![CDATA[<a href="https://www.peakdistrictaircrashes.co.uk/crash_sites/peak-district/junkers-ju88-f1ad-roach-end/">More information</a>]]></description>
      <Point>
        <coordinates>-1.9950000000000003,53.18,0</coordinates>
      </Point>
    </Placemark>
    <Placemark>
      <name>He111 2871 / G1+LH</name>
      <description><![CDATA[<a href="https://www.peakdistrictaircrashes.co.uk/crash_sites/peak-district/heinkel-he111-g1lh-hazel-grove/">More information</a>]]></description>
      <Point>
        <coordinates>-2.086000000000007,53.385,0</coordinates>
      </Point>
    </Placemark>
    <Placemark>
      <name>Magister Mk.I T9838</name>
      <description><![CDATA[<a href="https://www.peakdistrictaircrashes.co.uk/crash_sites/peak-district/miles-magister-t9838-cheddleton/">More information</a>]]></description>
      <Point>
        <coordinates>-2.0250000000000012,53.071999999999996,0</coordinates>
      </Point>
    </Placemark>
    <Placemark>
      <name>Magister Mk.I L8139</name>
      <description><![CDATA[<a href="https://www.peakdistrictaircrashes.co.uk/crash_sites/peak-district/miles-magister-l8139-meerbrook/">More information</a>]]></description>
      <Point>
        <coordinates>-2.0299999999999847,53.152,0</coordinates>
      </Point>
    </Placemark>
    <Placemark>
      <name>Reliant Mk.I W7982</name>
      <description><![CDATA[<a href="https://www.peakdistrictaircrashes.co.uk/crash_sites/peak-district/stinson-reliant-w7982-brassington/">More information</a>]]></description>
      <Point>
        <coordinates>-1.673000000000012,53.105,0</coordinates>
      </Point>
    </Placemark>
    <Placemark>
      <name>Defiant Mk.I N1766</name>
      <description><![CDATA[<a href="https://www.peakdistrictaircrashes.co.uk/crash_sites/peak-district/boulton-paul-defiant-n1766-rowlee-pasture/">More information</a>]]></description>
      <Point>
        <coordinates>-1.769999999999978,53.410999999999994,0</coordinates>
      </Point>
    </Placemark>
    <Placemark>
      <name>Anson Mk.I N9912</name>
      <description><![CDATA[<a href="https://www.peakdistrictaircrashes.co.uk/crash_sites/peak-district/avro-anson-n9912-whitwell-moor/">More information</a>]]></description>
      <Point>
        <coordinates>-1.6269999999999758,53.474,0</coordinates>
      </Point>
    </Placemark>
    <Placemark>
      <name>Master Mk.I N7870</name>
      <description><![CDATA[<a href="https://www.peakdistrictaircrashes.co.uk/crash_sites/peak-district/miles-master-n7870-youlgreave/">More information</a>]]></description>
      <Point>
        <coordinates>-1.7100000000000073,53.181,0</coordinates>
      </Point>
    </Placemark>
    <Placemark>
      <name>Master Mk.I T8324</name>
      <description><![CDATA[<a href="https://www.peakdistrictaircrashes.co.uk/crash_sites/peak-district/miles-master-t8324-hathersage/">More information</a>]]></description>
      <Point>
        <coordinates>-1.663000000000017,53.357,0</coordinates>
      </Point>
    </Placemark>
    <Placemark>
      <name>Anson Mk.I K6283</name>
      <description><![CDATA[<a href="https://www.peakdistrictaircrashes.co.uk/crash_sites/peak-district/avro-anson-k6283-bradnop/">More information</a>]]></description>
      <Point>
        <coordinates>-1.964,53.096,0</coordinates>
      </Point>
    </Placemark>
    <Placemark>
      <name>Wellington Mk.IC L7811</name>
      <description><![CDATA[<a href="https://www.peakdistrictaircrashes.co.uk/crash_sites/peak-district/vickers-wellington-l7811-conksbury-bridge/">More information</a>]]></description>
      <Point>
        <coordinates>-1.6860000000000164,53.187999999999995,0</coordinates>
      </Point>
    </Placemark>
    <Placemark>
      <name>Blenheim Mk.IV Z5746</name>
      <description><![CDATA[<a href="https://www.peakdistrictaircrashes.co.uk/crash_sites/peak-district/bristol-blenheim-z5746-ox-stones/">More information</a>]]></description>
      <Point>
        <coordinates>-1.5840000000000245,53.349999999999994,0</coordinates>
      </Point>
    </Placemark>
    <Placemark>
      <name>Magister Mk.I R1963</name>
      <description><![CDATA[<a href="https://www.peakdistrictaircrashes.co.uk/crash_sites/peak-district/miles-magister-r1963-bottom-house/">More information</a>]]></description>
      <Point>
        <coordinates>-1.925999999999991,53.071999999999996,0</coordinates>
      </Point>
    </Placemark>
    <Placemark>
      <name>Hampden Mk.I X3154</name>
      <description><![CDATA[<a href="https://www.peakdistrictaircrashes.co.uk/crash_sites/peak-district/handley-page-hampden-x3154-rushup-edge/">More information</a>]]></description>
      <Point>
        <coordinates>-1.8449999999999838,53.344,0</coordinates>
      </Point>
    </Placemark>
    <Placemark>
      <name>Blenheim Mk.I K7172</name>
      <description><![CDATA[<a href="https://www.peakdistrictaircrashes.co.uk/crash_sites/peak-district/bristol-blenheim-k7172-wooley-bridge/">More information</a>]]></description>
      <Point>
        <coordinates>-1.990999999999975,53.455999999999996,0</coordinates>
      </Point>
    </Placemark>
    <Placemark>
      <name>Blenheim Mk.IV T1884</name>
      <description><![CDATA[<a href="https://www.peakdistrictaircrashes.co.uk/crash_sites/peak-district/bristol-blenheim-t1884-harrop-edge/">More information</a>]]></description>
      <Point>
        <coordinates>-2.029999999999988,53.464999999999996,0</coordinates>
      </Point>
    </Placemark>
    <Placemark>
      <name>Magister Mk.I P2427</name>
      <description><![CDATA[<a href="https://www.peakdistrictaircrashes.co.uk/crash_sites/peak-district/miles-magister-p2427-leek/">More information</a>]]></description>
      <Point>
        <coordinates>-2.06999999999998,53.108,0</coordinates>
      </Point>
    </Placemark>
    <Placemark>
      <name>Spitfire Mk.IIA P7593</name>
      <description><![CDATA[<a href="https://www.peakdistrictaircrashes.co.uk/crash_sites/peak-district/supermarine-spitfire-p7593-upper-hulme/">More information</a>]]></description>
      <Point>
        <coordinates>-1.9969999999999737,53.150999999999996,0</coordinates>
      </Point>
    </Placemark>
    <Placemark>
      <name>Blenheim Mk.I L6800</name>
      <description><![CDATA[<a href="https://www.peakdistrictaircrashes.co.uk/crash_sites/peak-district/bristol-blenheim-l6800-monyash/">More information</a>]]></description>
      <Point>
        <coordinates>-1.790000000000022,53.193,0</coordinates>
      </Point>
    </Placemark>
    <Placemark>
      <name>Anson Mk.I N9858</name>
      <description><![CDATA[<a href="https://www.peakdistrictaircrashes.co.uk/crash_sites/peak-district/avro-anson-n9858-wildboarclough/">More information</a>]]></description>
      <Point>
        <coordinates>-1.9970000000000154,53.227,0</coordinates>
      </Point>
    </Placemark>
    <Placemark>
      <name>Hampden Mk.I L4189</name>
      <description><![CDATA[<a href="https://www.peakdistrictaircrashes.co.uk/crash_sites/peak-district/handley-page-hampden-l4189-black-edge/">More information</a>]]></description>
      <Point>
        <coordinates>-1.9050000000000216,53.288999999999994,0</coordinates>
      </Point>
    </Placemark>
    <Placemark>
      <name>Spitfire Mk.I P9563</name>
      <description><![CDATA[<a href="https://www.peakdistrictaircrashes.co.uk/crash_sites/peak-district/supermarine-spitfire-p9563-hartington/">More information</a>]]></description>
      <Point>
        <coordinates>-1.814999999999983,53.142,0</coordinates>
      </Point>
    </Placemark>
    <Placemark>
      <name>Magister Mk.I L8258</name>
      <description><![CDATA[<a href="https://www.peakdistrictaircrashes.co.uk/crash_sites/peak-district/miles-magister-l8258-cheddleton/">More information</a>]]></description>
      <Point>
        <coordinates>-2.0630000000000233,53.06399999999999,0</coordinates>
      </Point>
    </Placemark>
    <Placemark>
      <name>Magister Mk.I N3811</name>
      <description><![CDATA[<a href="https://www.peakdistrictaircrashes.co.uk/crash_sites/peak-district/miles-magister-n3811-darley-dale/">More information</a>]]></description>
      <Point>
        <coordinates>-1.5779999999999788,53.144999999999996,0</coordinates>
      </Point>
    </Placemark>
    <Placemark>
      <name>Hampden Mk.I L4055</name>
      <description><![CDATA[<a href="https://www.peakdistrictaircrashes.co.uk/crash_sites/peak-district/handley-page-hampden-l4055-holmfirth/">More information</a>]]></description>
      <Point>
        <coordinates>-1.850999999999984,53.549,0</coordinates>
      </Point>
    </Placemark>
    <Placemark>
      <name>Tutor K3308</name>
      <description><![CDATA[<a href="https://www.peakdistrictaircrashes.co.uk/crash_sites/peak-district/avro-tutor-k3308-edale/">More information</a>]]></description>
      <Point>
        <coordinates>-1.8089999999999913,53.365,0</coordinates>
      </Point>
    </Placemark>
    <Placemark>
      <name>Swordfish Mk.I P4223</name>
      <description><![CDATA[<a href="https://www.peakdistrictaircrashes.co.uk/crash_sites/peak-district/fairey-swordfish-p4223-heydon-head/">More information</a>]]></description>
      <Point>
        <coordinates>-1.872999999999991,53.538,0</coordinates>
      </Point>
    </Placemark>
    <Placemark>
      <name>Hart Mk.I K3864</name>
      <description><![CDATA[<a href="https://www.peakdistrictaircrashes.co.uk/crash_sites/peak-district/hawker-hart-k3864-ruston-spencer/">More information</a>]]></description>
      <Point>
        <coordinates>-2.084000000000014,53.172,0</coordinates>
      </Point>
    </Placemark>
    <Placemark>
      <name>Blenheim Mk.I L1476</name>
      <description><![CDATA[<a href="https://www.peakdistrictaircrashes.co.uk/crash_sites/peak-district/bristol-blenheim-l1476-sykes-moor/">More information</a>]]></description>
      <Point>
        <coordinates>-1.8789999999999742,53.471,0</coordinates>
      </Point>
    </Placemark>
    <Placemark>
      <name>DH60M Moth K1112</name>
      <description><![CDATA[<a href="https://www.peakdistrictaircrashes.co.uk/crash_sites/peak-district/de-havilland-dh60m-k1112-buxton/">More information</a>]]></description>
      <Point>
        <coordinates>-1.8990000000000198,53.272,0</coordinates>
      </Point>
    </Placemark>
    <Placemark>
      <name>Heyford Mk.III K6875</name>
      <description><![CDATA[<a href="https://www.peakdistrictaircrashes.co.uk/crash_sites/peak-district/handley-page-heyford-k6875-broadlee-bank-tor/">More information</a>]]></description>
      <Point>
        <coordinates>-1.8350000000000022,53.370999999999995,0</coordinates>
      </Point>
    </Placemark>
    <Placemark>
      <name>Bulldog T.M. K3936</name>
      <description><![CDATA[<a href="https://www.peakdistrictaircrashes.co.uk/crash_sites/peak-district/bristol-bulldog-k3936-butterton/">More information</a>]]></description>
      <Point>
        <coordinates>-1.9140000000000175,53.104,0</coordinates>
      </Point>
    </Placemark>
    <Placemark>
      <name>Bulldog T.M. K3939</name>
      <description><![CDATA[<a href="https://www.peakdistrictaircrashes.co.uk/crash_sites/peak-district/bristol-bulldog-k3939-onecote/">More information</a>]]></description>
      <Point>
        <coordinates>-1.9390000000000056,53.096999999999994,0</coordinates>
      </Point>
    </Placemark>
    <Placemark>
      <name>DH80A Puss Moth G-AAZN</name>
      <description><![CDATA[<a href="https://www.peakdistrictaircrashes.co.uk/crash_sites/peak-district/de-havilland-dh80a-g-aazn-bradnop/">More information</a>]]></description>
      <Point>
        <coordinates>-1.973000000000001,53.07599999999999,0</coordinates>
      </Point>
    </Placemark>
    <Placemark>
      <name>DH60X Moth G-EBWA</name>
      <description><![CDATA[<a href="https://www.peakdistrictaircrashes.co.uk/crash_sites/peak-district/de-havilland-dh60x-g-ebwa-burbage-edge/">More information</a>]]></description>
      <Point>
        <coordinates>-1.9650000000000245,53.241,0</coordinates>
      </Point>
    </Placemark>
    <Placemark>
      <name>Desoutter G-AAPZ</name>
      <description><![CDATA[<a href="https://www.peakdistrictaircrashes.co.uk/crash_sites/peak-district/desoutter-g-aapz-meerbrook/">More information</a>]]></description>
      <Point>
        <coordinates>-2.031000000000024,53.153999999999996,0</coordinates>
      </Point>
    </Placemark>
    <Placemark>
      <name>DH-60M Moth G-AAJX</name>
      <description><![CDATA[<a href="https://www.peakdistrictaircrashes.co.uk/crash_sites/peak-district/de-havilland-dh-60m-g-aajx-matley/">More information</a>]]></description>
      <Point>
        <coordinates>-2.047000000000012,53.467,0</coordinates>
      </Point>
    </Placemark>
    <Placemark>
      <name>Bristol Fighter Mk.III J8432</name>
      <description><![CDATA[<a href="https://www.peakdistrictaircrashes.co.uk/crash_sites/peak-district/bristol-fighter-j8432-matlock/">More information</a>]]></description>
      <Point>
        <coordinates>-1.5360000000000251,53.156,0</coordinates>
      </Point>
    </Placemark>
    <Placemark>
      <name>Avian G-EBVZ</name>
      <description><![CDATA[<a href="https://www.peakdistrictaircrashes.co.uk/crash_sites/peak-district/avro-avian-g-ebvz-stalybridge/">More information</a>]]></description>
      <Point>
        <coordinates>-2.058000000000022,53.474,0</coordinates>
      </Point>
    </Placemark>
    <Placemark>
      <name>Biplane </name>
      <description><![CDATA[<a href="https://www.peakdistrictaircrashes.co.uk/crash_sites/peak-district/biplane-standedge/">More information</a>]]></description>
      <Point>
        <coordinates>-1.9779999999999969,53.58,0</coordinates>
      </Point>
    </Placemark>
    <Placemark>
      <name>Avro 504 E9431</name>
      <description><![CDATA[<a href="https://www.peakdistrictaircrashes.co.uk/crash_sites/peak-district/avro-504-e9431-earl-sterndale/">More information</a>]]></description>
      <Point>
        <coordinates>-1.8679999999999881,53.199999999999996,0</coordinates>
      </Point>
    </Placemark>
    <Placemark>
      <name>DH.9 </name>
      <description><![CDATA[<a href="https://www.peakdistrictaircrashes.co.uk/crash_sites/peak-district/dh-9-torside/">More information</a>]]></description>
      <Point>
        <coordinates>-1.8900000000000188,53.486,0</coordinates>
      </Point>
    </Placemark>
    <Placemark>
      <name>DH.9 </name>
      <description><![CDATA[<a href="https://www.peakdistrictaircrashes.co.uk/crash_sites/peak-district/de-havilland-dh-9-mottram/">More information</a>]]></description>
      <Point>
        <coordinates>-2.0110000000000023,53.451,0</coordinates>
      </Point>
    </Placemark>
    <Placemark>
      <name>Biplane </name>
      <description><![CDATA[<a href="https://www.peakdistrictaircrashes.co.uk/crash_sites/peak-district/biplane-sparrowpit/">More information</a>]]></description>
      <Point>
        <coordinates>-1.865999999999975,53.323,0</coordinates>
      </Point>
    </Placemark>
    <Placemark>
      <name>Avro Biplane </name>
      <description><![CDATA[<a href="https://www.peakdistrictaircrashes.co.uk/crash_sites/peak-district/avro-biplane-buxton/">More information</a>]]></description>
      <Point>
        <coordinates>-1.9030000000000091,53.251,0</coordinates>
      </Point>
    </Placemark>
  </Document>
</kml>
